filename,score
10107_6390_000000,5.0
10107_6390_000001,5.0
10107_6390_000004,5.0
10107_6390_000005,3.3333333333333335
10107_6390_000007,4.6
10107_6390_000008,4.5
10107_6390_000009,5.0
10107_6390_000010,5.0
10107_6390_000011,5.0
10107_6390_000012,5.0
10107_6390_000014,5.0
10107_6390_000015,5.0
10107_6390_000016,3.0
10107_6390_000017,4.5
10107_6390_000018,5.0
10199_6390_000001,5.0
10199_6390_000002,5.0
10199_6390_000003,5.0
10199_6390_000004,5.0
10199_6390_000005,4.5
10199_6390_000006,5.0
10199_6390_000007,5.0
10199_6390_000008,5.0
10199_6390_000009,4.0
10199_6390_000010,4.333333333333333
10199_6390_000011,4.0
10199_6390_000013,2.0
10199_6390_000014,3.3333333333333335
10199_6390_000015,5.0
10199_6390_000016,4.666666666666667
10199_6390_000018,5.0
10670_10668_000000,5.0
12249_8708_000002,4.5
12249_8708_000003,4.0
12249_8708_000006,3.0
12249_8708_000008,5.0
12249_8708_000010,5.0
12249_8708_000011,5.0
12249_8708_000012,5.0
12249_8708_000013,5.0
12249_8708_000014,5.0
12249_8708_000015,5.0
12249_8708_000017,5.0
12249_8708_000018,5.0
12865_13396_000000,5.0
12865_13396_000001,4.5
12865_13396_000002,5.0
12865_13396_000004,5.0
12865_13396_000007,5.0
12865_13396_000008,4.0
12865_13396_000009,4.666666666666667
12865_13396_000011,4.5
12865_13396_000012,5.0
12865_13396_000013,5.0
12865_13396_000014,5.0
12865_13396_000016,4.0
12865_13396_000017,3.0
12865_13396_000018,3.0
2959_2564_000000,5.0
2959_2564_000003,5.0
2959_2564_000004,5.0
2959_2564_000005,1.0
2959_2564_000006,5.0
2959_2564_000007,5.0
2959_2564_000008,5.0
2959_2564_000009,4.0
2959_2564_000012,5.0
2959_2564_000013,5.0
2959_2564_000015,5.0
2959_2564_000016,4.0
2959_2564_000017,2.0
2959_2564_000018,5.0
2961_2564_000000,3.0
2961_2564_000002,5.0
2961_2564_000004,3.0
2961_2564_000005,5.0
2961_2564_000007,3.5
2961_2564_000008,4.5
2961_2564_000009,3.5
2961_2564_000010,4.0
2961_2564_000011,5.0
2961_2564_000013,4.0
2961_2564_000014,4.5
2961_2564_000015,4.5
2961_2564_000017,4.5
2961_2564_000018,5.0
2961_2564_000019,4.5
3369_2564_000000,4.5
3369_2564_000001,5.0
3369_2564_000002,4.0
3369_2564_000003,4.0
3427_2564_000000,3.0
3814_2564_000001,4.5
3814_2564_000002,2.5
3976_2564_000000,4.0
3976_2564_000001,5.0
3976_2564_000003,5.0
3976_2564_000004,5.0
4367_3648_000001,5.0
4367_3648_000002,5.0
4367_3648_000003,5.0
4367_3648_000004,4.0
4367_3648_000005,5.0
4367_3648_000006,5.0
4367_3648_000007,5.0
4367_3648_000010,5.0
4367_3648_000011,4.0
4367_3648_000012,5.0
4367_3648_000014,5.0
4367_3648_000017,4.0
4367_3648_000018,4.0
4367_3648_000019,4.5
4778_3962_000000,5.0
4778_3962_000001,4.0
4778_3962_000002,5.0
4778_3962_000004,5.0
4783_3962_000000,5.0
4783_3962_000001,4.5
4783_3962_000002,2.0
4783_3962_000003,3.0
4783_3962_000004,3.0
4783_3962_000005,5.0
4783_3962_000006,4.0
4783_3962_000007,4.333333333333333
4783_3962_000008,2.6666666666666665
4801_3962_000000,4.75
4801_3962_000001,5.0
5068_3962_000000,4.0
5068_3962_000003,3.4
5103_3962_000000,5.0
5103_3962_000001,4.0
5103_3962_000002,4.5
5103_3962_000003,5.0
5103_3962_000004,3.0
5103_4572_000000,4.5
5103_4572_000001,5.0
5103_4572_000002,4.0
5103_4744_000000,5.0
5103_4744_000001,3.0
5103_4744_000002,4.0
5103_4744_000003,5.0
5103_4744_000004,4.0
5677_4744_000001,3.3333333333333335
5677_4744_000003,3.3333333333333335
5677_4744_000004,4.333333333333333
5677_4744_000006,3.0
5677_4744_000007,3.0
5677_4744_000009,5.0
5677_4744_000011,3.8
5677_4744_000012,3.0
5677_4744_000013,4.0
5677_4744_000014,3.0
5677_4744_000016,3.0
5677_4744_000017,4.0
5677_4744_000018,5.0
5705_4744_000001,4.25
5705_4744_000005,4.5
5705_4744_000006,4.333333333333333
5705_4744_000007,5.0
5705_4744_000008,4.0
5705_4744_000009,5.0
5705_4744_000010,5.0
5705_4744_000011,4.0
5705_4744_000012,4.0
5705_4744_000013,4.5
5705_4744_000014,4.0
5705_4744_000015,4.0
5888_4811_000000,3.5
5888_4811_000003,3.5
5888_4811_000004,4.0
5888_4811_000005,2.5
5888_4811_000007,3.0
5888_4811_000008,3.0
5888_4811_000009,3.5
5888_4811_000010,3.5
5888_4811_000012,4.0
5888_4811_000013,3.0
5888_4811_000014,3.5
5888_4811_000016,3.0
5888_5270_000000,4.5
5888_5270_000001,5.0
6207_5270_000000,2.6666666666666665
6207_5270_000001,4.666666666666667
6207_5270_000004,3.0
6207_5270_000006,4.0
6207_5270_000007,5.0
6207_5270_000008,5.0
6207_5270_000009,5.0
6207_5270_000010,5.0
6207_5270_000014,4.5
6207_5270_000015,4.333333333333333
6207_5270_000016,3.0
6207_5270_000018,4.0
6207_5270_000019,4.333333333333333
6581_5323_000001,5.0
6581_5323_000002,3.6
6601_5323_000000,4.5
6601_5323_000002,4.0
6601_5323_000003,5.0
6601_5323_000004,3.0
6601_5323_000005,4.0
6601_5323_000006,5.0
6601_5323_000007,5.0
6601_5323_000009,2.0
6601_5323_000010,5.0
6601_5323_000014,4.0
6700_5323_000000,5.0
6700_5323_000002,5.0
6700_5323_000003,5.0
6700_5323_000004,5.0
6700_5323_000005,4.5
6700_5323_000007,5.0
6700_5323_000008,4.4
7028_5323_000000,5.0
7028_5323_000002,5.0
7028_5323_000003,4.75
7028_5323_000006,3.0
7028_5323_000008,3.5
7028_5323_000009,5.0
7028_5323_000012,5.0
7028_5323_000013,4.5
7028_5323_000014,5.0
7028_5323_000016,5.0
7028_5323_000017,3.0
7028_5323_000018,4.5
7028_5323_000019,4.0
8680_6390_000000,4.0
8680_6390_000002,4.0
8680_6390_000003,4.0
8680_6390_000004,3.3333333333333335
8680_6390_000005,3.0
8680_6390_000008,2.0
8680_6390_000010,3.75
8680_6390_000012,4.0
8680_6390_000013,4.0
8680_6390_000014,1.0
8680_6390_000015,2.0
8680_6390_000016,3.5
8680_6390_000017,4.0
8680_6390_000018,3.0
8680_6390_000019,4.333333333333333
9217_6390_000000,4.0
9217_6390_000001,5.0
9217_6390_000003,5.0
9217_6390_000004,2.0
9217_6390_000005,4.5
9217_6390_000007,4.0
9217_6390_000008,4.0
9217_6390_000009,4.0
9217_6390_000010,4.666666666666667
9217_6390_000011,4.666666666666667
9217_6390_000013,4.0
9217_6390_000014,3.5
9217_6390_000015,4.0
9217_6390_000016,4.0
9217_6390_000017,4.0
9217_6390_000018,4.5
9217_6390_000019,3.0
9351_6390_000002,5.0
9351_6390_000003,3.5
9351_6390_000004,5.0
9351_6390_000005,4.666666666666667
9351_6390_000007,5.0
9351_6390_000008,4.5
9351_6390_000009,4.0
9351_6390_000010,4.0
9351_6390_000011,4.0
9351_6390_000012,3.25
9351_6390_000013,4.0
9351_6390_000014,5.0
9351_6390_000015,5.0
9351_6390_000016,1.0
9351_6390_000018,4.5
9485_6390_000000,4.0
9485_6390_000003,4.0
9485_6390_000004,5.0
9485_6390_000006,4.0
9485_6390_000008,5.0
9485_6390_000010,3.0
9485_6390_000011,5.0
9485_6390_000012,2.6666666666666665
9485_6390_000014,5.0
9485_6390_000015,4.0
9485_6390_000016,3.0
9485_6390_000017,5.0
9485_6390_000018,3.75
9485_6390_000019,5.0
GS1-0003,4.0
GS1-0004,5.0
GS1-0006,5.0
GS1-0007,5.0
GS1-0011,5.0
GS1-0012,5.0
GS1-0013,4.333333333333333
GS1-0014,5.0
GS1-0016,5.0
GS1-0018,5.0
GS1-0019,3.6666666666666665
GS1-0020,5.0
dataset_oficial_copel-0592,4.75
dataset_oficial_copel-0593,4.333333333333333
dataset_oficial_copel-0595,5.0
dataset_oficial_copel-0597,5.0
dataset_oficial_copel-0599,5.0
dataset_oficial_copel-0602,1.0
dataset_oficial_copel-0604,5.0
dataset_oficial_copel-0606,4.333333333333333
dataset_oficial_copel-0607,4.0
dataset_oficial_copel-0610,4.5
dataset_oficial_copel-0611,5.0
ground_truth_bz_bolsonaro_onu-0001,3.5
ground_truth_bz_bolsonaro_onu-0002,5.0
ground_truth_bz_bolsonaro_onu-0003,5.0
ground_truth_bz_bolsonaro_onu-0005,3.3333333333333335
ground_truth_bz_bolsonaro_onu-0006,4.5
ground_truth_bz_bolsonaro_onu-0007,5.0
ground_truth_bz_bolsonaro_onu-0008,4.0
ground_truth_bz_bolsonaro_onu-0010,4.0
ground_truth_bz_bolsonaro_onu-0011,4.5
ground_truth_bz_bolsonaro_onu-0013,4.0
ground_truth_bz_bolsonaro_onu-0014,4.0
ground_truth_bz_bolsonaro_onu-0015,4.2
ground_truth_bz_bolsonaro_onu-0016,3.0
ground_truth_bz_bolsonaro_onu-0017,5.0
ground_truth_bz_bolsonaro_onu-0018,2.5
ground_truth_bz_bolsonaro_onu-0019,3.0
ground_truth_dr_onu-2012-0001,3.5
ground_truth_dr_onu-2012-0003,4.333333333333333
ground_truth_dr_onu-2012-0004,4.5
ground_truth_dr_onu-2012-0005,4.0
ground_truth_dr_onu-2012-0006,4.25
ground_truth_dr_onu-2012-0007,5.0
ground_truth_dr_onu-2012-0009,5.0
ground_truth_dr_onu-2012-0011,3.0
ground_truth_dr_onu-2012-0012,3.6666666666666665
ground_truth_dr_onu-2012-0013,4.0
ground_truth_dr_onu-2012-0015,4.0
ground_truth_dr_onu-2012-0016,5.0
ground_truth_dr_onu-2012-0018,5.0
ground_truth_dr_onu-2012-0019,5.0
ground_truth_gm_crime_pe_amaro-1057,4.0
ground_truth_gm_crime_pe_amaro-1058,5.0
ground_truth_gm_crime_pe_amaro-1061,5.0
ground_truth_gm_crime_pe_amaro-1062,5.0
ground_truth_gm_crime_pe_amaro-1064,5.0
ground_truth_gm_crime_pe_amaro-1065,4.5
ground_truth_gm_crime_pe_amaro-1067,5.0
ground_truth_gm_crime_pe_amaro-1069,5.0
ground_truth_gm_crime_pe_amaro-1071,5.0
ground_truth_gm_crime_pe_amaro-1072,5.0
ground_truth_gm_crime_pe_amaro-1073,5.0
ground_truth_gm_crime_pe_amaro-1074,3.75
ground_truth_gm_crime_pe_amaro-1075,3.0
ground_truth_gm_crime_pe_amaro-1076,5.0
ground_truth_lu_onu_2009-0001,4.0
ground_truth_lu_onu_2009-0002,4.0
ground_truth_lu_onu_2009-0004,2.0
ground_truth_lu_onu_2009-0005,1.0
ground_truth_lu_onu_2009-0006,5.0
ground_truth_lu_onu_2009-0010,5.0
ground_truth_lu_onu_2009-0011,3.75
ground_truth_lu_onu_2009-0012,5.0
ground_truth_lu_onu_2009-0016,5.0
ground_truth_lu_onu_2009-0019,3.5
ground_truth_lu_onu_2009-0020,4.5
ground_truth_pe_isaura_f-0058,5.0
ground_truth_pe_isaura_f-0059,5.0
ground_truth_pe_isaura_f-0060,5.0
ground_truth_pe_isaura_f-0062,5.0
ground_truth_pe_isaura_f-0063,5.0
ground_truth_pe_isaura_f-0064,4.333333333333333
ground_truth_pe_isaura_f-0065,5.0
ground_truth_pe_isaura_f-0066,4.5
ground_truth_pe_isaura_f-0067,5.0
ground_truth_pe_isaura_f-0068,5.0
ground_truth_pe_isaura_f-0070,5.0
ground_truth_pe_isaura_f-0072,5.0
ground_truth_pe_isaura_f-0073,5.0
ground_truth_pe_isaura_f-0076,4.333333333333333
ground_truth_pe_isaura_f-0077,5.0
noise-_input_output_BZ_BZ_taco2hifigan-BZ-0001,2.0
noise-_input_output_BZ_BZ_taco2hifigan-BZ-0002,2.0
noise-_input_output_BZ_BZ_taco2hifigan-BZ-0004,2.0
noise-_input_output_BZ_BZ_taco2hifigan-BZ-0005,1.0
noise-_input_output_BZ_BZ_taco2hifigan-BZ-0007,2.0
noise-_input_output_BZ_BZ_taco2hifigan-BZ-0011,1.0
noise-_input_output_BZ_BZ_taco2hifigan-BZ-0016,1.0
noise-_input_output_BZ_BZ_taco2hifigan-BZ-0018,1.0
noise-_input_output_BZ_BZ_taco2hifigan-BZ-0019,1.0
noise-_input_output_BZ_BZ_taco2hifigan-BZ-0020,1.0
noise-_input_output_BZ_BZ_taco2hifigan-BZ-0022,1.0
noise-_input_output_BZ_BZ_taco2hifigan-BZ-0023,1.0
noise-_input_output_BZ_BZ_taco2hifigan-BZ-0024,1.0
noise-_input_output_BZ_BZ_taco2hifigan-BZ-0025,1.6666666666666667
noise-_input_output_BZ_BZ_taco2hifigan-BZ-0026,2.0
noise-_input_output_DI_DI_taco2hifigan-DI-0002,1.5
noise-_input_output_DI_DI_taco2hifigan-DI-0003,1.0
noise-_input_output_DI_DI_taco2hifigan-DI-0008,1.0
noise-_input_output_DI_DI_taco2hifigan-DI-0014,1.0
noise-_input_output_DI_DI_taco2hifigan-DI-0021,2.5
noise-_input_output_DI_DI_taco2hifigan-DI-0022,2.0
noise-_input_output_DI_DI_taco2hifigan-DI-0024,2.0
noise-_input_output_DI_DI_taco2hifigan-DI-0025,1.0
noise-_input_output_DI_DI_taco2hifigan-DI-0026,1.0
noise-_input_output_DI_DI_taco2hifigan-DI-0027,1.0
noise-_input_output_DI_DI_taco2hifigan-DI-0028,1.5
noise-_input_output_DR_DR_taco2hifigan-DR-0003,1.0
noise-_input_output_DR_DR_taco2hifigan-DR-0005,1.5
noise-_input_output_DR_DR_taco2hifigan-DR-0008,3.0
noise-_input_output_DR_DR_taco2hifigan-DR-0009,4.0
noise-_input_output_DR_DR_taco2hifigan-DR-0011,1.0
noise-_input_output_DR_DR_taco2hifigan-DR-0012,2.0
noise-_input_output_DR_DR_taco2hifigan-DR-0013,1.0
noise-_input_output_DR_DR_taco2hifigan-DR-0015,1.0
noise-_input_output_DR_DR_taco2hifigan-DR-0016,2.0
noise-_input_output_DR_DR_taco2hifigan-DR-0018,2.0
noise-_input_output_DR_DR_taco2hifigan-DR-0019,1.0
noise-_input_output_DR_DR_taco2hifigan-DR-0020,2.0
noise-_input_output_DR_DR_taco2hifigan-DR-0021,1.0
noise-_input_output_DR_DR_taco2hifigan-DR-0022,1.0
noise-_input_output_DR_DR_taco2hifigan-DR-0024,1.0
noise-_input_output_DR_DR_taco2hifigan-DR-0025,1.0
noise-_input_output_DR_DR_taco2hifigan-DR-0027,2.0
noise-_input_output_DR_DR_taco2hifigan-DR-0028,2.0
noise-_input_output_DR_DR_taco2hifigan-DR-0029,1.25
noise-_input_output_FN_FN_taco2hifigan-FN-0003,1.0
noise-_input_output_FN_FN_taco2hifigan-FN-0006,2.0
noise-_input_output_FN_FN_taco2hifigan-FN-0007,2.3333333333333335
noise-_input_output_FN_FN_taco2hifigan-FN-0008,2.0
noise-_input_output_FN_FN_taco2hifigan-FN-0009,1.0
noise-_input_output_FN_FN_taco2hifigan-FN-0010,1.0
noise-_input_output_FN_FN_taco2hifigan-FN-0012,1.0
noise-_input_output_FN_FN_taco2hifigan-FN-0014,1.0
noise-_input_output_FN_FN_taco2hifigan-FN-0016,1.0
noise-_input_output_FN_FN_taco2hifigan-FN-0017,2.0
noise-_input_output_FN_FN_taco2hifigan-FN-0019,2.0
noise-_input_output_FN_FN_taco2hifigan-FN-0020,2.0
noise-_input_output_FN_FN_taco2hifigan-FN-0022,1.0
noise-_input_output_FN_FN_taco2hifigan-FN-0023,2.0
noise-_input_output_FN_FN_taco2hifigan-FN-0024,2.0
noise-_input_output_FN_FN_taco2hifigan-FN-0025,1.0
noise-_input_output_FN_FN_taco2hifigan-FN-0026,3.0
noise-_input_output_FN_FN_taco2hifigan-FN-0027,1.0
noise-_input_output_FN_FN_taco2hifigan-FN-0028,2.0
noise-_input_output_GM_GM_taco2hifigan-GM-0006,1.0
noise-_input_output_GM_GM_taco2hifigan-GM-0010,3.0
noise-_input_output_GM_GM_taco2hifigan-GM-0011,1.6666666666666667
noise-_input_output_GM_GM_taco2hifigan-GM-0013,2.0
noise-_input_output_GM_GM_taco2hifigan-GM-0015,2.0
noise-_input_output_GM_GM_taco2hifigan-GM-0016,2.0
noise-_input_output_GM_GM_taco2hifigan-GM-0017,1.0
noise-_input_output_GM_GM_taco2hifigan-GM-0018,1.0
noise-_input_output_GM_GM_taco2hifigan-GM-0022,1.3333333333333333
noise-_input_output_GM_GM_taco2hifigan-GM-0023,1.0
noise-_input_output_GM_GM_taco2hifigan-GM-0028,2.0
noise-_input_output_GS_GS_taco2hifigan-GS-0001,2.5
noise-_input_output_GS_GS_taco2hifigan-GS-0005,2.0
noise-_input_output_GS_GS_taco2hifigan-GS-0007,1.0
noise-_input_output_GS_GS_taco2hifigan-GS-0008,1.0
noise-_input_output_GS_GS_taco2hifigan-GS-0009,3.0
noise-_input_output_GS_GS_taco2hifigan-GS-0010,2.0
noise-_input_output_GS_GS_taco2hifigan-GS-0012,2.5
noise-_input_output_GS_GS_taco2hifigan-GS-0013,1.0
noise-_input_output_GS_GS_taco2hifigan-GS-0015,1.0
noise-_input_output_GS_GS_taco2hifigan-GS-0016,2.5
noise-_input_output_GS_GS_taco2hifigan-GS-0017,2.5
noise-_input_output_GS_GS_taco2hifigan-GS-0020,2.0
noise-_input_output_GS_GS_taco2hifigan-GS-0022,1.0
noise-_input_output_GS_GS_taco2hifigan-GS-0024,3.0
noise-_input_output_GS_GS_taco2hifigan-GS-0025,3.0
noise-_input_output_GS_GS_taco2hifigan-GS-0026,1.0
noise-_input_output_GS_GS_taco2hifigan-GS-0027,1.0
noise-_input_output_GS_GS_taco2hifigan-GS-0029,2.0
noise-_input_output_IR_IR_taco2hifigan-IR-0002,1.0
noise-_input_output_IR_IR_taco2hifigan-IR-0003,1.0
noise-_input_output_IR_IR_taco2hifigan-IR-0005,1.0
noise-_input_output_IR_IR_taco2hifigan-IR-0007,3.0
noise-_input_output_IR_IR_taco2hifigan-IR-0008,2.3333333333333335
noise-_input_output_IR_IR_taco2hifigan-IR-0009,2.0
noise-_input_output_IR_IR_taco2hifigan-IR-0010,2.0
noise-_input_output_IR_IR_taco2hifigan-IR-0011,1.0
noise-_input_output_IR_IR_taco2hifigan-IR-0013,1.3333333333333333
noise-_input_output_IR_IR_taco2hifigan-IR-0019,2.0
noise-_input_output_IR_IR_taco2hifigan-IR-0021,3.5
noise-_input_output_IR_IR_taco2hifigan-IR-0022,1.3333333333333333
noise-_input_output_IR_IR_taco2hifigan-IR-0024,1.0
noise-_input_output_IR_IR_taco2hifigan-IR-0028,2.0
noise-_input_output_IR_IR_taco2hifigan-IR-0029,4.0
noise-_input_output_LI_LI_taco2hifigan-LI-0001,2.0
noise-_input_output_LI_LI_taco2hifigan-LI-0002,2.0
noise-_input_output_LI_LI_taco2hifigan-LI-0003,1.0
noise-_input_output_LI_LI_taco2hifigan-LI-0004,2.5
noise-_input_output_LI_LI_taco2hifigan-LI-0005,2.0
noise-_input_output_LI_LI_taco2hifigan-LI-0009,1.0
noise-_input_output_LI_LI_taco2hifigan-LI-0010,3.0
noise-_input_output_LI_LI_taco2hifigan-LI-0011,1.0
noise-_input_output_LI_LI_taco2hifigan-LI-0014,3.0
noise-_input_output_LI_LI_taco2hifigan-LI-0015,2.25
noise-_input_output_LI_LI_taco2hifigan-LI-0016,1.0
noise-_input_output_LI_LI_taco2hifigan-LI-0017,2.0
noise-_input_output_LI_LI_taco2hifigan-LI-0019,1.0
noise-_input_output_LI_LI_taco2hifigan-LI-0021,1.0
noise-_input_output_LI_LI_taco2hifigan-LI-0022,1.5
noise-_input_output_LI_LI_taco2hifigan-LI-0024,2.0
noise-_input_output_LI_LI_taco2hifigan-LI-0027,3.6666666666666665
noise-_input_output_LI_LI_taco2hifigan-LI-0028,1.0
noise-_input_output_LN_LN_taco2hifigan-LN-0003,2.0
noise-_input_output_LN_LN_taco2hifigan-LN-0005,1.0
noise-_input_output_LN_LN_taco2hifigan-LN-0006,2.0
noise-_input_output_LN_LN_taco2hifigan-LN-0007,2.0
noise-_input_output_LN_LN_taco2hifigan-LN-0008,1.6666666666666667
noise-_input_output_LN_LN_taco2hifigan-LN-0009,2.0
noise-_input_output_LN_LN_taco2hifigan-LN-0011,1.0
noise-_input_output_LN_LN_taco2hifigan-LN-0015,1.0
noise-_input_output_LN_LN_taco2hifigan-LN-0018,1.0
noise-_input_output_LN_LN_taco2hifigan-LN-0019,1.0
noise-_input_output_LN_LN_taco2hifigan-LN-0020,1.0
noise-_input_output_LN_LN_taco2hifigan-LN-0021,1.0
noise-_input_output_LN_LN_taco2hifigan-LN-0024,1.0
noise-_input_output_LN_LN_taco2hifigan-LN-0027,1.0
noise-_input_output_LN_LN_taco2hifigan-LN-0029,1.0
noise-_input_output_LU_LU_taco2hifigan-LU-0002,1.0
noise-_input_output_LU_LU_taco2hifigan-LU-0003,1.0
noise-_input_output_LU_LU_taco2hifigan-LU-0004,2.0
noise-_input_output_LU_LU_taco2hifigan-LU-0005,3.0
noise-_input_output_LU_LU_taco2hifigan-LU-0006,2.0
noise-_input_output_LU_LU_taco2hifigan-LU-0007,2.0
noise-_input_output_LU_LU_taco2hifigan-LU-0009,1.5
noise-_input_output_LU_LU_taco2hifigan-LU-0012,2.0
noise-_input_output_LU_LU_taco2hifigan-LU-0013,2.0
noise-_input_output_LU_LU_taco2hifigan-LU-0014,2.0
noise-_input_output_LU_LU_taco2hifigan-LU-0015,2.0
noise-_input_output_LU_LU_taco2hifigan-LU-0018,1.0
noise-_input_output_LU_LU_taco2hifigan-LU-0019,1.0
noise-_input_output_LU_LU_taco2hifigan-LU-0024,1.0
noise-_input_output_LU_LU_taco2hifigan-LU-0025,1.0
noise-_input_output_LU_LU_taco2hifigan-LU-0027,1.0
noise-_input_output_LU_LU_taco2hifigan-LU-0028,3.6666666666666665
noise-_input_output_LU_LU_taco2hifigan-LU-0029,1.0
noise-_input_output_MA_MA_taco2hifigan-MA-0004,2.0
noise-_input_output_MA_MA_taco2hifigan-MA-0005,1.0
noise-_input_output_MA_MA_taco2hifigan-MA-0006,1.5
noise-_input_output_MA_MA_taco2hifigan-MA-0008,1.0
noise-_input_output_MA_MA_taco2hifigan-MA-0009,2.0
noise-_input_output_MA_MA_taco2hifigan-MA-0010,1.0
noise-_input_output_MA_MA_taco2hifigan-MA-0011,1.5
noise-_input_output_MA_MA_taco2hifigan-MA-0013,2.0
noise-_input_output_MA_MA_taco2hifigan-MA-0014,1.0
noise-_input_output_MA_MA_taco2hifigan-MA-0016,3.0
noise-_input_output_MA_MA_taco2hifigan-MA-0018,1.0
noise-_input_output_MA_MA_taco2hifigan-MA-0020,1.0
noise-_input_output_MA_MA_taco2hifigan-MA-0021,1.0
noise-_input_output_MA_MA_taco2hifigan-MA-0024,1.0
noise-_input_output_MA_MA_taco2hifigan-MA-0026,1.0
noise-_input_output_MA_MA_taco2hifigan-MA-0029,2.0
noise-_input_output_PE_PE_taco2hifigan-PE-0001,2.0
noise-_input_output_PE_PE_taco2hifigan-PE-0003,1.0
noise-_input_output_PE_PE_taco2hifigan-PE-0005,2.3333333333333335
noise-_input_output_PE_PE_taco2hifigan-PE-0006,4.0
noise-_input_output_PE_PE_taco2hifigan-PE-0007,2.0
noise-_input_output_PE_PE_taco2hifigan-PE-0008,1.0
noise-_input_output_PE_PE_taco2hifigan-PE-0011,1.0
noise-_input_output_PE_PE_taco2hifigan-PE-0012,2.0
noise-_input_output_PE_PE_taco2hifigan-PE-0013,1.5
noise-_input_output_PE_PE_taco2hifigan-PE-0016,4.0
noise-_input_output_PE_PE_taco2hifigan-PE-0019,2.0
noise-_input_output_PE_PE_taco2hifigan-PE-0020,2.0
noise-_input_output_PE_PE_taco2hifigan-PE-0021,5.0
noise-_input_output_PE_PE_taco2hifigan-PE-0023,2.0
noise-_input_output_PE_PE_taco2hifigan-PE-0024,2.0
noise-_input_output_PE_PE_taco2hifigan-PE-0026,2.5
noise-_input_output_PE_PE_taco2hifigan-PE-0027,3.0
noise-_input_output_PE_PE_taco2hifigan-PE-0029,4.0
noise-_input_output_RC_RC_taco2hifigan-RC-0001,2.0
noise-_input_output_RC_RC_taco2hifigan-RC-0002,3.0
noise-_input_output_RC_RC_taco2hifigan-RC-0003,1.0
noise-_input_output_RC_RC_taco2hifigan-RC-0005,1.0
noise-_input_output_RC_RC_taco2hifigan-RC-0006,1.0
noise-_input_output_RC_RC_taco2hifigan-RC-0007,2.0
noise-_input_output_RC_RC_taco2hifigan-RC-0008,2.0
noise-_input_output_RC_RC_taco2hifigan-RC-0009,2.0
noise-_input_output_RC_RC_taco2hifigan-RC-0010,2.0
noise-_input_output_RC_RC_taco2hifigan-RC-0012,1.0
noise-_input_output_RC_RC_taco2hifigan-RC-0014,1.0
noise-_input_output_RC_RC_taco2hifigan-RC-0015,2.0
noise-_input_output_RC_RC_taco2hifigan-RC-0016,3.0
noise-_input_output_RC_RC_taco2hifigan-RC-0017,2.0
noise-_input_output_RC_RC_taco2hifigan-RC-0018,1.5
noise-_input_output_RC_RC_taco2hifigan-RC-0021,2.0
noise-_input_output_RC_RC_taco2hifigan-RC-0023,2.0
noise-_input_output_RC_RC_taco2hifigan-RC-0024,2.3333333333333335
noise-_input_output_RC_RC_taco2hifigan-RC-0025,1.5
noise-_input_output_RC_RC_taco2hifigan-RC-0026,5.0
noise-_input_output_RC_RC_taco2hifigan-RC-0028,2.0
noise-_input_output_RC_RC_taco2hifigan-RC-0029,2.0
taco2griffin_lim-BZ-0000,2.0
taco2griffin_lim-BZ-0003,2.0
taco2griffin_lim-BZ-0004,1.0
taco2griffin_lim-BZ-0006,2.0
taco2griffin_lim-BZ-0008,3.0
taco2griffin_lim-BZ-0009,2.6666666666666665
taco2griffin_lim-BZ-0011,2.0
taco2griffin_lim-BZ-0013,2.0
taco2griffin_lim-BZ-0014,2.6666666666666665
taco2griffin_lim-BZ-0015,2.0
taco2griffin_lim-BZ-0016,3.0
taco2griffin_lim-BZ-0017,2.0
taco2griffin_lim-BZ-0019,2.0
taco2griffin_lim-BZ-0020,2.3333333333333335
taco2griffin_lim-BZ-0021,2.5
taco2griffin_lim-BZ-0022,4.0
taco2griffin_lim-BZ-0024,2.5
taco2griffin_lim-BZ-0025,3.0
taco2griffin_lim-BZ-0027,3.0
taco2griffin_lim-BZ-0028,1.0
taco2griffin_lim-BZ-0029,2.0
taco2griffin_lim-DI-0000,2.25
taco2griffin_lim-DI-0002,3.0
taco2griffin_lim-DI-0003,3.0
taco2griffin_lim-DI-0004,3.0
taco2griffin_lim-DI-0006,3.0
taco2griffin_lim-DI-0009,3.0
taco2griffin_lim-DI-0011,3.0
taco2griffin_lim-DI-0012,2.0
taco2griffin_lim-DI-0013,2.0
taco2griffin_lim-DI-0015,1.75
taco2griffin_lim-DI-0016,4.0
taco2griffin_lim-DI-0017,2.5
taco2griffin_lim-DI-0020,2.5
taco2griffin_lim-DI-0021,3.0
taco2griffin_lim-DI-0023,2.0
taco2griffin_lim-DI-0024,3.0
taco2griffin_lim-DI-0026,1.5
taco2griffin_lim-DI-0027,1.0
taco2griffin_lim-DR-0000,1.0
taco2griffin_lim-DR-0001,2.0
taco2griffin_lim-DR-0002,3.0
taco2griffin_lim-DR-0003,1.0
taco2griffin_lim-DR-0008,2.0
taco2griffin_lim-DR-0009,1.0
taco2griffin_lim-DR-0010,2.0
taco2griffin_lim-DR-0011,2.3333333333333335
taco2griffin_lim-DR-0012,3.5
taco2griffin_lim-DR-0014,3.0
taco2griffin_lim-DR-0015,4.0
taco2griffin_lim-DR-0018,1.5
taco2griffin_lim-DR-0019,2.0
taco2griffin_lim-DR-0020,2.5
taco2griffin_lim-DR-0021,3.0
taco2griffin_lim-DR-0022,2.0
taco2griffin_lim-DR-0023,2.25
taco2griffin_lim-DR-0024,5.0
taco2griffin_lim-DR-0025,2.0
taco2griffin_lim-DR-0026,2.0
taco2griffin_lim-DR-0028,3.0
taco2griffin_lim-DR-0029,1.0
taco2griffin_lim-FN-0000,2.0
taco2griffin_lim-FN-0001,1.5
taco2griffin_lim-FN-0002,2.0
taco2griffin_lim-FN-0004,2.0
taco2griffin_lim-FN-0006,2.0
taco2griffin_lim-FN-0008,3.3333333333333335
taco2griffin_lim-FN-0009,2.5
taco2griffin_lim-FN-0011,2.5
taco2griffin_lim-FN-0013,2.0
taco2griffin_lim-FN-0014,2.0
taco2griffin_lim-FN-0016,1.3333333333333333
taco2griffin_lim-FN-0018,2.0
taco2griffin_lim-FN-0019,2.0
taco2griffin_lim-FN-0020,2.0
taco2griffin_lim-FN-0021,5.0
taco2griffin_lim-FN-0023,2.0
taco2griffin_lim-FN-0024,2.5
taco2griffin_lim-FN-0025,2.5
taco2griffin_lim-FN-0027,2.0
taco2griffin_lim-FN-0028,1.0
taco2griffin_lim-GM-0000,3.0
taco2griffin_lim-GM-0002,3.0
taco2griffin_lim-GM-0004,1.0
taco2griffin_lim-GM-0010,2.0
taco2griffin_lim-GM-0011,2.0
taco2griffin_lim-GM-0012,2.0
taco2griffin_lim-GM-0013,1.3333333333333333
taco2griffin_lim-GM-0014,3.0
taco2griffin_lim-GM-0016,3.0
taco2griffin_lim-GM-0020,3.0
taco2griffin_lim-GM-0021,3.0
taco2griffin_lim-GM-0022,2.0
taco2griffin_lim-GM-0023,1.5
taco2griffin_lim-GM-0025,3.0
taco2griffin_lim-GM-0026,2.0
taco2griffin_lim-GM-0027,3.0
taco2griffin_lim-GM-0028,3.0
taco2griffin_lim-GM-0029,2.0
taco2griffin_lim-GS-0000,2.0
taco2griffin_lim-GS-0001,2.6666666666666665
taco2griffin_lim-GS-0002,3.0
taco2griffin_lim-GS-0005,1.0
taco2griffin_lim-GS-0008,3.0
taco2griffin_lim-GS-0009,2.5
taco2griffin_lim-GS-0010,2.0
taco2griffin_lim-GS-0011,3.0
taco2griffin_lim-GS-0012,3.0
taco2griffin_lim-GS-0013,3.0
taco2griffin_lim-GS-0014,1.5
taco2griffin_lim-GS-0015,2.0
taco2griffin_lim-GS-0016,3.0
taco2griffin_lim-GS-0019,3.0
taco2griffin_lim-GS-0020,3.0
taco2griffin_lim-GS-0023,1.5
taco2griffin_lim-GS-0026,3.0
taco2griffin_lim-GS-0027,3.0
taco2griffin_lim-GS-0028,4.0
taco2griffin_lim-GS-0029,3.0
taco2griffin_lim-IR-0002,1.5
taco2griffin_lim-IR-0003,1.0
taco2griffin_lim-IR-0005,1.0
taco2griffin_lim-IR-0006,3.0
taco2griffin_lim-IR-0009,2.5
taco2griffin_lim-IR-0015,5.0
taco2griffin_lim-IR-0017,1.0
taco2griffin_lim-IR-0018,2.0
taco2griffin_lim-IR-0019,2.0
taco2griffin_lim-IR-0020,2.0
taco2griffin_lim-IR-0021,3.0
taco2griffin_lim-IR-0024,1.0
taco2griffin_lim-IR-0027,3.0
taco2griffin_lim-LI-0001,2.0
taco2griffin_lim-LI-0002,2.0
taco2griffin_lim-LI-0003,2.5
taco2griffin_lim-LI-0004,1.0
taco2griffin_lim-LI-0007,2.0
taco2griffin_lim-LI-0008,3.5
taco2griffin_lim-LI-0009,1.0
taco2griffin_lim-LI-0011,3.0
taco2griffin_lim-LI-0013,1.0
taco2griffin_lim-LI-0014,1.0
taco2griffin_lim-LI-0016,2.0
taco2griffin_lim-LI-0017,2.0
taco2griffin_lim-LI-0020,3.0
taco2griffin_lim-LI-0022,2.3333333333333335
taco2griffin_lim-LI-0025,1.5
taco2griffin_lim-LI-0026,5.0
taco2griffin_lim-LI-0028,3.0
taco2griffin_lim-LN-0000,2.5
taco2griffin_lim-LN-0001,2.0
taco2griffin_lim-LN-0002,3.0
taco2griffin_lim-LN-0005,1.0
taco2griffin_lim-LN-0006,1.5
taco2griffin_lim-LN-0007,2.0
taco2griffin_lim-LN-0008,2.0
taco2griffin_lim-LN-0009,1.0
taco2griffin_lim-LN-0011,2.0
taco2griffin_lim-LN-0012,1.0
taco2griffin_lim-LN-0016,2.0
taco2griffin_lim-LN-0020,2.0
taco2griffin_lim-LN-0021,2.0
taco2griffin_lim-LN-0025,1.5
taco2griffin_lim-LN-0026,2.0
taco2griffin_lim-LN-0029,1.0
taco2griffin_lim-LU-0001,1.0
taco2griffin_lim-LU-0003,2.5
taco2griffin_lim-LU-0008,1.0
taco2griffin_lim-LU-0011,1.6666666666666667
taco2griffin_lim-LU-0014,1.0
taco2griffin_lim-LU-0016,1.6666666666666667
taco2griffin_lim-LU-0019,2.0
taco2griffin_lim-LU-0020,2.0
taco2griffin_lim-LU-0021,1.0
taco2griffin_lim-LU-0022,4.0
taco2griffin_lim-LU-0023,2.0
taco2griffin_lim-LU-0024,2.0
taco2griffin_lim-LU-0025,3.5
taco2griffin_lim-LU-0026,2.0
taco2griffin_lim-LU-0027,3.0
taco2griffin_lim-LU-0029,3.0
taco2griffin_lim-MA-0001,1.6666666666666667
taco2griffin_lim-MA-0002,2.0
taco2griffin_lim-MA-0003,2.0
taco2griffin_lim-MA-0004,2.0
taco2griffin_lim-MA-0005,1.0
taco2griffin_lim-MA-0006,1.0
taco2griffin_lim-MA-0007,1.0
taco2griffin_lim-MA-0008,1.5
taco2griffin_lim-MA-0009,1.0
taco2griffin_lim-MA-0010,2.0
taco2griffin_lim-MA-0013,3.5
taco2griffin_lim-MA-0021,3.0
taco2griffin_lim-MA-0022,3.0
taco2griffin_lim-MA-0023,2.0
taco2griffin_lim-MA-0027,1.0
taco2griffin_lim-MA-0028,3.0
taco2griffin_lim-PE-0001,1.5
taco2griffin_lim-PE-0002,3.0
taco2griffin_lim-PE-0005,2.0
taco2griffin_lim-PE-0006,4.0
taco2griffin_lim-PE-0010,2.5
taco2griffin_lim-PE-0013,1.0
taco2griffin_lim-PE-0014,2.0
taco2griffin_lim-PE-0016,4.0
taco2griffin_lim-PE-0017,3.0
taco2griffin_lim-PE-0018,2.0
taco2griffin_lim-PE-0021,4.0
taco2griffin_lim-PE-0022,2.0
taco2griffin_lim-PE-0024,1.6666666666666667
taco2griffin_lim-PE-0025,2.5
taco2griffin_lim-PE-0026,3.3333333333333335
taco2griffin_lim-PE-0027,1.3333333333333333
taco2griffin_lim-PE-0029,2.0
taco2griffin_lim-RC-0000,3.0
taco2griffin_lim-RC-0001,2.0
taco2griffin_lim-RC-0002,1.0
taco2griffin_lim-RC-0003,1.5
taco2griffin_lim-RC-0005,1.0
taco2griffin_lim-RC-0008,3.0
taco2griffin_lim-RC-0009,2.5
taco2griffin_lim-RC-0012,2.3333333333333335
taco2griffin_lim-RC-0014,3.0
taco2griffin_lim-RC-0016,3.0
taco2griffin_lim-RC-0021,2.5
taco2griffin_lim-RC-0025,1.5
taco2griffin_lim-RC-0026,3.0
taco2griffin_lim-RC-0029,1.5
taco2hifigan-BZ-0000,2.3333333333333335
taco2hifigan-BZ-0001,4.0
taco2hifigan-BZ-0002,3.5
taco2hifigan-BZ-0007,4.333333333333333
taco2hifigan-BZ-0010,4.0
taco2hifigan-BZ-0012,4.0
taco2hifigan-BZ-0013,2.5
taco2hifigan-BZ-0014,2.0
taco2hifigan-BZ-0016,2.3333333333333335
taco2hifigan-BZ-0017,3.0
taco2hifigan-BZ-0018,3.3333333333333335
taco2hifigan-BZ-0019,2.3333333333333335
taco2hifigan-BZ-0020,2.0
taco2hifigan-BZ-0021,4.0
taco2hifigan-BZ-0022,2.0
taco2hifigan-BZ-0023,5.0
taco2hifigan-BZ-0025,4.0
taco2hifigan-BZ-0028,3.0
taco2hifigan-DI-0001,4.0
taco2hifigan-DI-0003,4.0
taco2hifigan-DI-0004,5.0
taco2hifigan-DI-0009,5.0
taco2hifigan-DI-0010,3.0
taco2hifigan-DI-0011,5.0
taco2hifigan-DI-0014,5.0
taco2hifigan-DI-0015,5.0
taco2hifigan-DI-0016,4.5
taco2hifigan-DI-0017,4.0
taco2hifigan-DI-0021,3.0
taco2hifigan-DI-0022,3.25
taco2hifigan-DI-0023,3.0
taco2hifigan-DI-0024,5.0
taco2hifigan-DI-0025,4.0
taco2hifigan-DI-0026,5.0
taco2hifigan-DI-0028,2.5
taco2hifigan-DR-0000,5.0
taco2hifigan-DR-0003,3.0
taco2hifigan-DR-0004,3.5
taco2hifigan-DR-0005,3.5
taco2hifigan-DR-0007,2.5
taco2hifigan-DR-0008,3.0
taco2hifigan-DR-0009,3.0
taco2hifigan-DR-0010,5.0
taco2hifigan-DR-0013,3.5
taco2hifigan-DR-0014,3.0
taco2hifigan-DR-0016,3.0
taco2hifigan-DR-0017,3.0
taco2hifigan-DR-0018,3.0
taco2hifigan-DR-0019,4.0
taco2hifigan-DR-0024,3.5
taco2hifigan-DR-0025,5.0
taco2hifigan-DR-0027,5.0
taco2hifigan-DR-0028,2.0
taco2hifigan-DR-0029,4.0
taco2hifigan-FN-0000,4.0
taco2hifigan-FN-0001,5.0
taco2hifigan-FN-0002,4.0
taco2hifigan-FN-0004,4.0
taco2hifigan-FN-0007,3.0
taco2hifigan-FN-0008,5.0
taco2hifigan-FN-0009,1.0
taco2hifigan-FN-0010,3.3333333333333335
taco2hifigan-FN-0012,3.0
taco2hifigan-FN-0014,2.0
taco2hifigan-FN-0016,3.0
taco2hifigan-FN-0017,4.333333333333333
taco2hifigan-FN-0019,3.0
taco2hifigan-FN-0020,2.0
taco2hifigan-FN-0021,3.0
taco2hifigan-FN-0022,3.0
taco2hifigan-FN-0023,5.0
taco2hifigan-FN-0024,4.0
taco2hifigan-FN-0026,4.0
taco2hifigan-FN-0028,3.0
taco2hifigan-FN-0029,4.0
taco2hifigan-GM-0000,5.0
taco2hifigan-GM-0002,5.0
taco2hifigan-GM-0004,4.333333333333333
taco2hifigan-GM-0006,5.0
taco2hifigan-GM-0008,3.5
taco2hifigan-GM-0009,4.0
taco2hifigan-GM-0010,5.0
taco2hifigan-GM-0012,5.0
taco2hifigan-GM-0013,4.0
taco2hifigan-GM-0016,5.0
taco2hifigan-GM-0017,5.0
taco2hifigan-GM-0019,5.0
taco2hifigan-GM-0021,5.0
taco2hifigan-GM-0024,4.0
taco2hifigan-GM-0025,3.0
taco2hifigan-GM-0027,4.0
taco2hifigan-GM-0028,5.0
taco2hifigan-GM-0029,4.0
taco2hifigan-GS-0000,5.0
taco2hifigan-GS-0001,4.333333333333333
taco2hifigan-GS-0006,4.0
taco2hifigan-GS-0007,5.0
taco2hifigan-GS-0008,4.0
taco2hifigan-GS-0009,5.0
taco2hifigan-GS-0013,4.333333333333333
taco2hifigan-GS-0015,5.0
taco2hifigan-GS-0016,4.666666666666667
taco2hifigan-GS-0017,4.0
taco2hifigan-GS-0021,4.0
taco2hifigan-GS-0023,4.5
taco2hifigan-GS-0024,5.0
taco2hifigan-GS-0026,4.0
taco2hifigan-GS-0027,5.0
taco2hifigan-IR-0000,4.0
taco2hifigan-IR-0001,3.0
taco2hifigan-IR-0002,3.5
taco2hifigan-IR-0003,3.6666666666666665
taco2hifigan-IR-0004,5.0
taco2hifigan-IR-0006,3.0
taco2hifigan-IR-0007,5.0
taco2hifigan-IR-0008,2.0
taco2hifigan-IR-0011,2.0
taco2hifigan-IR-0012,5.0
taco2hifigan-IR-0013,4.0
taco2hifigan-IR-0016,4.0
taco2hifigan-IR-0017,3.0
taco2hifigan-IR-0021,3.0
taco2hifigan-IR-0022,3.0
taco2hifigan-IR-0023,2.0
taco2hifigan-IR-0024,3.0
taco2hifigan-IR-0025,3.0
taco2hifigan-IR-0029,2.0
taco2hifigan-LI-0004,4.5
taco2hifigan-LI-0006,5.0
taco2hifigan-LI-0007,3.0
taco2hifigan-LI-0008,5.0
taco2hifigan-LI-0009,5.0
taco2hifigan-LI-0010,5.0
taco2hifigan-LI-0013,4.0
taco2hifigan-LI-0015,4.0
taco2hifigan-LI-0021,5.0
taco2hifigan-LI-0022,4.0
taco2hifigan-LI-0024,5.0
taco2hifigan-LI-0025,5.0
taco2hifigan-LI-0028,4.0
taco2hifigan-LN-0000,3.0
taco2hifigan-LN-0001,2.6666666666666665
taco2hifigan-LN-0002,3.5
taco2hifigan-LN-0003,2.0
taco2hifigan-LN-0006,3.0
taco2hifigan-LN-0007,2.5
taco2hifigan-LN-0008,2.0
taco2hifigan-LN-0009,2.0
taco2hifigan-LN-0010,4.0
taco2hifigan-LN-0011,1.0
taco2hifigan-LN-0012,2.0
taco2hifigan-LN-0013,4.0
taco2hifigan-LN-0014,3.0
taco2hifigan-LN-0015,3.0
taco2hifigan-LN-0016,3.0
taco2hifigan-LN-0020,1.5
taco2hifigan-LN-0021,3.0
taco2hifigan-LN-0023,2.3333333333333335
taco2hifigan-LN-0024,2.6666666666666665
taco2hifigan-LN-0025,1.0
taco2hifigan-LN-0027,2.5
taco2hifigan-LN-0028,2.0
taco2hifigan-LN-0029,2.0
taco2hifigan-LU-0000,3.5
taco2hifigan-LU-0003,1.0
taco2hifigan-LU-0006,3.0
taco2hifigan-LU-0007,4.0
taco2hifigan-LU-0009,4.0
taco2hifigan-LU-0013,4.0
taco2hifigan-LU-0014,3.5
taco2hifigan-LU-0017,3.0
taco2hifigan-LU-0018,4.0
taco2hifigan-LU-0020,2.0
taco2hifigan-LU-0021,4.0
taco2hifigan-LU-0023,3.5
taco2hifigan-LU-0025,3.25
taco2hifigan-LU-0028,3.0
taco2hifigan-LU-0029,4.0
taco2hifigan-MA-0000,4.0
taco2hifigan-MA-0003,1.0
taco2hifigan-MA-0004,2.0
taco2hifigan-MA-0006,2.5
taco2hifigan-MA-0008,4.0
taco2hifigan-MA-0009,4.0
taco2hifigan-MA-0011,3.0
taco2hifigan-MA-0012,1.0
taco2hifigan-MA-0013,2.0
taco2hifigan-MA-0014,2.3333333333333335
taco2hifigan-MA-0015,3.0
taco2hifigan-MA-0016,3.0
taco2hifigan-MA-0017,4.0
taco2hifigan-MA-0020,4.0
taco2hifigan-MA-0021,2.0
taco2hifigan-MA-0027,2.0
taco2hifigan-MA-0028,3.0
taco2hifigan-MA-0029,2.6666666666666665
taco2hifigan-PE-0000,4.0
taco2hifigan-PE-0001,5.0
taco2hifigan-PE-0002,3.0
taco2hifigan-PE-0003,5.0
taco2hifigan-PE-0005,2.5
taco2hifigan-PE-0006,5.0
taco2hifigan-PE-0007,4.0
taco2hifigan-PE-0010,3.0
taco2hifigan-PE-0011,4.0
taco2hifigan-PE-0012,3.5
taco2hifigan-PE-0013,5.0
taco2hifigan-PE-0016,4.0
taco2hifigan-PE-0018,3.5
taco2hifigan-PE-0023,4.5
taco2hifigan-PE-0024,4.5
taco2hifigan-PE-0025,1.0
taco2hifigan-PE-0027,4.333333333333333
taco2hifigan-PE-0028,4.0
taco2hifigan-PE-0029,3.0
taco2hifigan-RC-0000,3.0
taco2hifigan-RC-0002,3.5
taco2hifigan-RC-0003,3.5
taco2hifigan-RC-0004,3.0
taco2hifigan-RC-0005,2.6666666666666665
taco2hifigan-RC-0006,2.6666666666666665
taco2hifigan-RC-0007,1.5
taco2hifigan-RC-0009,3.0
taco2hifigan-RC-0012,3.0
taco2hifigan-RC-0013,4.0
taco2hifigan-RC-0014,3.0
taco2hifigan-RC-0015,3.0
taco2hifigan-RC-0016,4.0
taco2hifigan-RC-0017,4.0
taco2hifigan-RC-0018,2.0
taco2hifigan-RC-0020,4.0
taco2hifigan-RC-0024,4.0
taco2hifigan-RC-0026,3.6666666666666665
taco2hifigan-RC-0027,4.5
taco2waveglow-BZ-0000,3.0
taco2waveglow-BZ-0001,2.0
taco2waveglow-BZ-0003,3.75
taco2waveglow-BZ-0004,1.0
taco2waveglow-BZ-0005,2.5
taco2waveglow-BZ-0007,4.0
taco2waveglow-BZ-0008,3.5
taco2waveglow-BZ-0011,5.0
taco2waveglow-BZ-0012,4.0
taco2waveglow-BZ-0013,4.0
taco2waveglow-BZ-0015,3.0
taco2waveglow-BZ-0016,5.0
taco2waveglow-BZ-0018,1.0
taco2waveglow-BZ-0019,3.3333333333333335
taco2waveglow-BZ-0020,3.0
taco2waveglow-BZ-0021,2.0
taco2waveglow-BZ-0022,3.0
taco2waveglow-BZ-0023,3.5
taco2waveglow-BZ-0024,3.0
taco2waveglow-BZ-0025,4.0
taco2waveglow-BZ-0027,3.0
taco2waveglow-BZ-0028,2.3333333333333335
taco2waveglow-BZ-0029,2.0
taco2waveglow-DR-0003,3.6666666666666665
taco2waveglow-DR-0005,3.0
taco2waveglow-DR-0007,3.0
taco2waveglow-DR-0009,5.0
taco2waveglow-DR-0011,5.0
taco2waveglow-DR-0012,4.0
taco2waveglow-DR-0013,3.0
taco2waveglow-DR-0015,3.0
taco2waveglow-DR-0016,5.0
taco2waveglow-DR-0019,3.0
taco2waveglow-DR-0022,4.0
taco2waveglow-DR-0024,2.0
taco2waveglow-DR-0025,3.0
taco2waveglow-DR-0027,2.0
taco2waveglow-DR-0029,3.0
taco2waveglow-GM-0000,3.0
taco2waveglow-GM-0002,4.0
taco2waveglow-GM-0003,4.0
taco2waveglow-GM-0005,5.0
taco2waveglow-GM-0008,3.0
taco2waveglow-GM-0009,4.666666666666667
taco2waveglow-GM-0010,3.0
taco2waveglow-GM-0011,3.0
taco2waveglow-GM-0014,5.0
taco2waveglow-GM-0017,3.5
taco2waveglow-GM-0018,1.0
taco2waveglow-GM-0019,5.0
taco2waveglow-GM-0020,3.5
taco2waveglow-GM-0022,5.0
taco2waveglow-GM-0023,4.666666666666667
taco2waveglow-GM-0024,5.0
taco2waveglow-GM-0025,5.0
taco2waveglow-GM-0026,5.0
taco2waveglow-GM-0027,4.0
taco2waveglow-GM-0028,4.0
taco2waveglow-GM-0029,5.0
taco2waveglow-GS-0001,4.5
taco2waveglow-GS-0003,5.0
taco2waveglow-GS-0004,4.0
taco2waveglow-GS-0006,4.5
taco2waveglow-GS-0007,4.0
taco2waveglow-GS-0008,4.0
taco2waveglow-GS-0010,4.0
taco2waveglow-GS-0011,4.0
taco2waveglow-GS-0013,5.0
taco2waveglow-GS-0014,5.0
taco2waveglow-GS-0015,5.0
taco2waveglow-GS-0016,4.5
taco2waveglow-GS-0017,4.0
taco2waveglow-GS-0019,5.0
taco2waveglow-GS-0021,4.666666666666667
taco2waveglow-GS-0024,5.0
taco2waveglow-GS-0026,4.5
taco2waveglow-GS-0028,3.5
taco2waveglow-GS-0029,4.0
taco2waveglow-LI-0001,3.6666666666666665
taco2waveglow-LI-0002,4.0
taco2waveglow-LI-0003,4.25
taco2waveglow-LI-0004,5.0
taco2waveglow-LI-0006,3.0
taco2waveglow-LI-0007,3.8
taco2waveglow-LI-0008,4.0
taco2waveglow-LI-0009,5.0
taco2waveglow-LI-0011,4.5
taco2waveglow-LI-0012,5.0
taco2waveglow-LI-0013,5.0
taco2waveglow-LI-0014,5.0
taco2waveglow-LI-0015,4.5
taco2waveglow-LI-0019,5.0
taco2waveglow-LI-0020,3.5
taco2waveglow-LI-0021,3.75
taco2waveglow-LI-0023,3.0
taco2waveglow-LI-0024,4.5
taco2waveglow-LI-0026,4.0
taco2waveglow-LI-0027,4.75
taco2waveglow-LI-0029,4.0
taco2waveglow-LU-0000,2.3333333333333335
taco2waveglow-LU-0001,3.0
taco2waveglow-LU-0003,3.0
taco2waveglow-LU-0004,3.5
taco2waveglow-LU-0006,4.0
taco2waveglow-LU-0007,2.5
taco2waveglow-LU-0008,4.0
taco2waveglow-LU-0009,3.3333333333333335
taco2waveglow-LU-0012,2.5
taco2waveglow-LU-0014,2.0
taco2waveglow-LU-0015,3.0
taco2waveglow-LU-0017,5.0
taco2waveglow-LU-0021,4.0
taco2waveglow-LU-0022,3.5
taco2waveglow-LU-0024,3.0
taco2waveglow-LU-0026,2.0
taco2waveglow-LU-0027,4.0
taco2waveglow-LU-0028,4.0
taco2waveglow-LU-0029,3.25
taco2waveglow-PE-0000,4.5
taco2waveglow-PE-0001,3.0
taco2waveglow-PE-0002,5.0
taco2waveglow-PE-0004,5.0
taco2waveglow-PE-0005,1.0
taco2waveglow-PE-0006,5.0
taco2waveglow-PE-0007,4.0
taco2waveglow-PE-0009,4.5
taco2waveglow-PE-0011,5.0
taco2waveglow-PE-0013,5.0
taco2waveglow-PE-0014,5.0
taco2waveglow-PE-0016,4.0
taco2waveglow-PE-0018,5.0
taco2waveglow-PE-0019,4.0
taco2waveglow-PE-0020,3.0
taco2waveglow-PE-0021,4.0
taco2waveglow-PE-0022,4.0
taco2waveglow-PE-0023,4.5
taco2waveglow-PE-0024,4.666666666666667
taco2waveglow-PE-0025,4.333333333333333
taco2waveglow-PE-0026,3.0
taco2waveglow-PE-0028,4.5
taco2waveglow-PE-0029,4.0
vits_10107-0000,4.5
vits_10107-0003,5.0
vits_10107-0004,3.0
vits_10107-0005,3.5
vits_10107-0006,3.0
vits_10107-0007,4.0
vits_10107-0008,2.0
vits_10107-0009,4.0
vits_10107-0010,5.0
vits_10107-0011,3.5
vits_10107-0012,4.0
vits_10107-0015,3.0
vits_10107-0016,4.0
vits_10107-0018,3.5
vits_10107-0020,3.0
vits_10107-0021,3.75
vits_10107-0022,4.0
vits_10107-0025,4.0
vits_10107-0026,3.5
vits_10107-0027,4.0
vits_10107-0029,4.5
vits_10199-0000,3.0
vits_10199-0001,3.0
vits_10199-0002,5.0
vits_10199-0003,3.3333333333333335
vits_10199-0005,5.0
vits_10199-0007,1.0
vits_10199-0008,4.0
vits_10199-0010,3.0
vits_10199-0011,3.0
vits_10199-0012,3.5
vits_10199-0013,4.0
vits_10199-0016,2.6666666666666665
vits_10199-0017,3.0
vits_10199-0019,3.0
vits_10199-0020,2.75
vits_10199-0021,2.5
vits_10199-0023,3.0
vits_10199-0024,4.0
vits_10199-0026,3.0
vits_10199-0027,3.5
vits_10199-0029,3.5
vits_10670-0000,2.0
vits_10670-0003,3.3333333333333335
vits_10670-0004,2.6666666666666665
vits_10670-0005,2.0
vits_10670-0007,3.0
vits_10670-0008,2.0
vits_10670-0010,2.0
vits_10670-0011,2.6666666666666665
vits_10670-0013,1.5
vits_10670-0014,4.0
vits_10670-0018,4.0
vits_10670-0019,1.0
vits_10670-0020,3.5
vits_10670-0021,2.0
vits_10670-0022,3.75
vits_10670-0024,2.0
vits_10670-0025,4.0
vits_10670-0026,3.5
vits_10670-0028,3.0
vits_12249-0000,4.333333333333333
vits_12249-0002,4.5
vits_12249-0003,4.0
vits_12249-0004,4.0
vits_12249-0005,4.333333333333333
vits_12249-0006,4.0
vits_12249-0007,4.0
vits_12249-0008,4.0
vits_12249-0009,4.666666666666667
vits_12249-0010,4.0
vits_12249-0011,4.0
vits_12249-0012,5.0
vits_12249-0014,4.0
vits_12249-0015,5.0
vits_12249-0016,5.0
vits_12249-0017,4.5
vits_12249-0018,5.0
vits_12249-0019,3.6666666666666665
vits_12249-0020,4.0
vits_12249-0021,4.0
vits_12249-0022,3.5
vits_12249-0024,4.0
vits_12249-0025,3.0
vits_12249-0026,4.0
vits_12249-0027,5.0
vits_12249-0028,5.0
vits_12249-0029,4.0
vits_12865-0001,2.5
vits_12865-0002,3.0
vits_12865-0005,4.0
vits_12865-0006,3.6666666666666665
vits_12865-0007,1.0
vits_12865-0009,3.6666666666666665
vits_12865-0010,5.0
vits_12865-0011,3.0
vits_12865-0012,3.0
vits_12865-0013,4.0
vits_12865-0015,3.0
vits_12865-0016,4.0
vits_12865-0017,3.6666666666666665
vits_12865-0018,4.5
vits_12865-0019,4.0
vits_12865-0021,3.6666666666666665
vits_12865-0023,3.0
vits_12865-0024,4.0
vits_12865-0026,4.0
vits_12865-0027,4.0
vits_12865-0028,5.0
vits_12865-0029,2.0
vits_2959-0000,3.0
vits_2959-0001,5.0
vits_2959-0004,4.0
vits_2959-0005,2.0
vits_2959-0007,5.0
vits_2959-0008,4.25
vits_2959-0009,1.0
vits_2959-0011,3.0
vits_2959-0012,3.0
vits_2959-0013,4.0
vits_2959-0014,5.0
vits_2959-0016,3.5
vits_2959-0017,5.0
vits_2959-0018,4.0
vits_2959-0021,4.0
vits_2959-0022,4.0
vits_2959-0023,4.0
vits_2959-0024,2.0
vits_2959-0025,3.0
vits_2959-0026,4.0
vits_2959-0027,4.0
vits_2959-0029,2.75
vits_2961-0000,4.0
vits_2961-0003,4.0
vits_2961-0004,3.0
vits_2961-0005,5.0
vits_2961-0006,3.0
vits_2961-0007,3.5
vits_2961-0011,3.0
vits_2961-0013,4.0
vits_2961-0014,4.0
vits_2961-0015,3.5
vits_2961-0017,4.0
vits_2961-0018,4.0
vits_2961-0019,3.0
vits_2961-0020,3.0
vits_2961-0021,4.0
vits_2961-0022,4.0
vits_2961-0024,1.0
vits_2961-0025,4.0
vits_2961-0027,4.333333333333333
vits_2961-0028,2.0
vits_3369-0000,3.2857142857142856
vits_3369-0002,4.0
vits_3369-0004,4.0
vits_3369-0007,3.0
vits_3369-0008,2.3333333333333335
vits_3369-0009,3.0
vits_3369-0010,4.0
vits_3369-0011,3.0
vits_3369-0012,5.0
vits_3369-0014,4.5
vits_3369-0015,3.0
vits_3369-0019,3.5
vits_3369-0021,4.0
vits_3369-0022,4.0
vits_3369-0023,2.0
vits_3369-0024,3.0
vits_3369-0026,4.5
vits_3369-0027,4.0
vits_3369-0028,3.0
vits_3369-0029,4.5
vits_3427-0000,5.0
vits_3427-0001,4.0
vits_3427-0005,4.0
vits_3427-0006,3.0
vits_3427-0008,2.5
vits_3427-0009,3.0
vits_3427-0011,4.0
vits_3427-0012,2.0
vits_3427-0013,3.0
vits_3427-0014,4.5
vits_3427-0015,1.0
vits_3427-0016,3.0
vits_3427-0017,2.6666666666666665
vits_3427-0018,4.0
vits_3427-0019,2.5
vits_3427-0020,2.6
vits_3427-0021,3.0
vits_3427-0022,4.333333333333333
vits_3427-0026,5.0
vits_3427-0028,3.0
vits_3427-0029,3.0
vits_3814-0000,3.0
vits_3814-0001,1.0
vits_3814-0002,3.0
vits_3814-0004,3.0
vits_3814-0005,2.0
vits_3814-0010,1.0
vits_3814-0011,3.0
vits_3814-0013,3.0
vits_3814-0014,3.0
vits_3814-0015,3.0
vits_3814-0016,2.0
vits_3814-0017,4.0
vits_3814-0019,2.0
vits_3814-0020,1.0
vits_3814-0021,3.0
vits_3814-0023,3.0
vits_3814-0024,2.0
vits_3814-0025,3.0
vits_3814-0027,3.0
vits_3814-0029,3.0
vits_3976-0000,4.0
vits_3976-0001,3.5
vits_3976-0002,5.0
vits_3976-0003,3.25
vits_3976-0004,3.5
vits_3976-0005,4.5
vits_3976-0006,2.75
vits_3976-0007,2.0
vits_3976-0009,3.0
vits_3976-0011,2.5
vits_3976-0012,3.0
vits_3976-0013,3.0
vits_3976-0014,4.0
vits_3976-0015,3.0
vits_3976-0020,4.0
vits_3976-0021,3.0
vits_3976-0022,2.5
vits_3976-0023,4.0
vits_3976-0026,3.6666666666666665
vits_3976-0027,3.0
vits_3976-0029,5.0
vits_4367-0000,5.0
vits_4367-0001,2.6666666666666665
vits_4367-0003,2.5
vits_4367-0006,3.0
vits_4367-0007,3.0
vits_4367-0008,3.0
vits_4367-0009,2.0
vits_4367-0010,4.0
vits_4367-0013,3.0
vits_4367-0014,3.5
vits_4367-0015,2.0
vits_4367-0016,4.5
vits_4367-0017,5.0
vits_4367-0018,4.0
vits_4367-0019,4.333333333333333
vits_4367-0020,5.0
vits_4367-0021,4.0
vits_4367-0022,5.0
vits_4367-0024,4.0
vits_4367-0025,4.0
vits_4367-0026,5.0
vits_4367-0027,4.0
vits_4367-0028,2.0
vits_4367-0029,4.0
vits_4778-0000,4.0
vits_4778-0001,3.0
vits_4778-0002,3.5
vits_4778-0004,5.0
vits_4778-0006,4.0
vits_4778-0008,2.3333333333333335
vits_4778-0010,5.0
vits_4778-0011,2.6666666666666665
vits_4778-0014,3.0
vits_4778-0015,5.0
vits_4778-0017,3.0
vits_4778-0018,4.0
vits_4778-0019,3.0
vits_4778-0022,2.0
vits_4778-0023,2.0
vits_4778-0024,4.0
vits_4778-0025,3.0
vits_4778-0027,2.5
vits_4778-0029,3.0
vits_4783-0000,5.0
vits_4783-0001,4.0
vits_4783-0002,3.0
vits_4783-0004,4.0
vits_4783-0005,4.0
vits_4783-0006,4.0
vits_4783-0007,1.0
vits_4783-0008,4.0
vits_4783-0010,4.0
vits_4783-0011,4.5
vits_4783-0012,4.0
vits_4783-0013,2.0
vits_4783-0014,2.0
vits_4783-0015,2.75
vits_4783-0017,4.333333333333333
vits_4783-0018,3.0
vits_4783-0019,4.0
vits_4783-0020,3.0
vits_4783-0021,4.0
vits_4783-0022,2.0
vits_4783-0023,2.0
vits_4783-0024,3.0
vits_4783-0025,1.5
vits_4783-0026,3.0
vits_4783-0028,3.3333333333333335
vits_4783-0029,3.0
vits_4801-0000,4.5
vits_4801-0002,3.5
vits_4801-0003,1.0
vits_4801-0004,5.0
vits_4801-0005,5.0
vits_4801-0007,4.333333333333333
vits_4801-0008,4.0
vits_4801-0009,3.5
vits_4801-0011,4.0
vits_4801-0013,4.0
vits_4801-0014,5.0
vits_4801-0016,2.0
vits_4801-0017,3.0
vits_4801-0019,2.0
vits_4801-0020,4.5
vits_4801-0021,4.0
vits_4801-0022,4.0
vits_4801-0023,2.0
vits_4801-0025,3.6666666666666665
vits_4801-0026,3.0
vits_4801-0027,1.0
vits_4801-0028,3.2
vits_4801-0029,3.0
vits_5025-0003,3.0
vits_5025-0004,3.0
vits_5025-0005,3.5
vits_5025-0006,3.0
vits_5025-0007,3.0
vits_5025-0011,3.6666666666666665
vits_5025-0014,4.0
vits_5025-0015,4.0
vits_5025-0016,3.6666666666666665
vits_5025-0017,4.0
vits_5025-0018,1.0
vits_5025-0019,2.3333333333333335
vits_5025-0021,3.0
vits_5025-0022,3.0
vits_5025-0024,2.0
vits_5025-0025,4.0
vits_5025-0027,4.0
vits_5025-0028,2.5
vits_5068-0000,2.0
vits_5068-0001,3.0
vits_5068-0002,3.0
vits_5068-0003,4.0
vits_5068-0004,3.5
vits_5068-0005,2.5
vits_5068-0006,4.0
vits_5068-0007,4.0
vits_5068-0008,3.0
vits_5068-0009,2.3333333333333335
vits_5068-0010,4.0
vits_5068-0013,4.0
vits_5068-0014,2.5
vits_5068-0015,2.0
vits_5068-0016,4.5
vits_5068-0018,2.0
vits_5068-0019,3.0
vits_5068-0020,2.5
vits_5068-0023,3.0
vits_5068-0025,3.5
vits_5068-0026,3.0
vits_5068-0028,3.5
vits_5068-0029,3.0
vits_5103-0000,4.0
vits_5103-0001,4.0
vits_5103-0002,3.0
vits_5103-0003,2.5
vits_5103-0006,4.0
vits_5103-0007,2.0
vits_5103-0008,4.0
vits_5103-0009,5.0
vits_5103-0010,3.0
vits_5103-0011,3.0
vits_5103-0012,3.0
vits_5103-0014,3.0
vits_5103-0016,3.0
vits_5103-0019,3.5
vits_5103-0020,3.0
vits_5103-0021,3.5
vits_5103-0022,4.0
vits_5103-0024,2.0
vits_5103-0025,2.5
vits_5103-0027,3.0
vits_5103-0029,2.0
vits_5677-0000,2.6666666666666665
vits_5677-0001,3.0
vits_5677-0002,3.0
vits_5677-0003,5.0
vits_5677-0004,3.5
vits_5677-0005,3.5
vits_5677-0006,3.0
vits_5677-0007,3.0
vits_5677-0008,4.0
vits_5677-0009,4.0
vits_5677-0012,3.0
vits_5677-0013,4.0
vits_5677-0014,4.0
vits_5677-0016,4.0
vits_5677-0018,3.0
vits_5677-0020,3.5
vits_5677-0026,3.6666666666666665
vits_5677-0027,4.0
vits_5677-0029,3.5
vits_5705-0000,4.5
vits_5705-0001,3.5
vits_5705-0002,3.0
vits_5705-0003,4.0
vits_5705-0004,2.0
vits_5705-0005,3.0
vits_5705-0006,3.5
vits_5705-0007,5.0
vits_5705-0008,1.0
vits_5705-0009,3.3333333333333335
vits_5705-0010,3.0
vits_5705-0011,3.0
vits_5705-0013,4.0
vits_5705-0014,4.0
vits_5705-0015,3.5
vits_5705-0016,4.0
vits_5705-0018,4.0
vits_5705-0019,3.0
vits_5705-0020,2.5
vits_5705-0021,5.0
vits_5705-0022,4.0
vits_5705-0024,3.0
vits_5705-0025,4.0
vits_5705-0026,1.0
vits_5705-0029,3.5
vits_5888-0001,3.0
vits_5888-0002,2.0
vits_5888-0004,4.0
vits_5888-0005,4.0
vits_5888-0008,3.0
vits_5888-0010,2.3333333333333335
vits_5888-0011,4.0
vits_5888-0012,4.0
vits_5888-0013,5.0
vits_5888-0014,3.0
vits_5888-0015,4.0
vits_5888-0016,4.0
vits_5888-0017,3.5
vits_5888-0018,4.0
vits_5888-0019,2.0
vits_5888-0021,1.5
vits_5888-0023,2.0
vits_5888-0024,2.5
vits_5888-0025,4.0
vits_5888-0028,3.0
vits_5888-0029,3.0
vits_6207-0001,3.0
vits_6207-0002,1.0
vits_6207-0004,2.5
vits_6207-0005,2.0
vits_6207-0007,2.6666666666666665
vits_6207-0008,3.5
vits_6207-0009,5.0
vits_6207-0010,3.0
vits_6207-0011,3.0
vits_6207-0012,2.0
vits_6207-0015,1.0
vits_6207-0018,2.5
vits_6207-0021,4.0
vits_6207-0022,3.5
vits_6207-0024,2.5
vits_6207-0025,2.0
vits_6207-0026,3.0
vits_6207-0027,4.0
vits_6207-0028,3.0
vits_6581-0001,3.6666666666666665
vits_6581-0002,4.0
vits_6581-0003,4.0
vits_6581-0004,4.0
vits_6581-0005,3.0
vits_6581-0007,5.0
vits_6581-0008,4.0
vits_6581-0009,5.0
vits_6581-0010,3.3333333333333335
vits_6581-0011,3.5
vits_6581-0012,2.0
vits_6581-0013,5.0
vits_6581-0015,2.0
vits_6581-0016,3.0
vits_6581-0017,3.0
vits_6581-0019,5.0
vits_6581-0020,4.0
vits_6581-0021,3.0
vits_6581-0022,3.5
vits_6581-0027,4.0
vits_6581-0028,5.0
vits_6601-0001,3.6666666666666665
vits_6601-0002,2.6666666666666665
vits_6601-0003,2.0
vits_6601-0005,4.0
vits_6601-0007,3.6666666666666665
vits_6601-0010,3.0
vits_6601-0011,4.0
vits_6601-0013,4.5
vits_6601-0014,4.0
vits_6601-0016,4.0
vits_6601-0017,4.0
vits_6601-0018,2.0
vits_6601-0019,3.3333333333333335
vits_6601-0020,3.0
vits_6601-0022,2.0
vits_6601-0023,4.0
vits_6601-0024,3.0
vits_6601-0025,4.0
vits_6601-0026,1.0
vits_6601-0027,4.0
vits_6601-0028,3.0
vits_6601-0029,2.5
vits_6700-0004,4.0
vits_6700-0006,4.0
vits_6700-0007,4.5
vits_6700-0009,4.0
vits_6700-0012,2.0
vits_6700-0013,3.0
vits_6700-0015,3.0
vits_6700-0017,4.5
vits_6700-0018,4.5
vits_6700-0019,2.5
vits_6700-0020,3.0
vits_6700-0021,3.5
vits_6700-0022,2.75
vits_6700-0023,3.5
vits_6700-0025,3.0
vits_6700-0026,3.0
vits_6700-0027,2.5
vits_6700-0028,1.5
vits_6700-0029,4.0
vits_7028-0001,4.0
vits_7028-0003,4.5
vits_7028-0005,3.3333333333333335
vits_7028-0006,2.0
vits_7028-0007,3.25
vits_7028-0008,2.0
vits_7028-0010,4.0
vits_7028-0011,5.0
vits_7028-0012,4.0
vits_7028-0013,2.6666666666666665
vits_7028-0014,3.0
vits_7028-0015,3.0
vits_7028-0016,2.5
vits_7028-0017,4.666666666666667
vits_7028-0019,4.0
vits_7028-0020,3.0
vits_7028-0021,3.0
vits_7028-0022,3.0
vits_7028-0023,2.0
vits_7028-0025,3.1666666666666665
vits_7028-0026,3.0
vits_7028-0027,3.5
vits_7028-0028,4.0
vits_7028-0029,3.0
vits_8680-0000,3.0
vits_8680-0002,2.0
vits_8680-0003,3.0
vits_8680-0006,2.0
vits_8680-0007,2.0
vits_8680-0008,2.6666666666666665
vits_8680-0009,1.0
vits_8680-0011,2.0
vits_8680-0012,4.0
vits_8680-0013,3.0
vits_8680-0014,2.5
vits_8680-0015,1.0
vits_8680-0016,3.0
vits_8680-0017,1.0
vits_8680-0018,1.6666666666666667
vits_8680-0019,5.0
vits_8680-0020,2.5
vits_8680-0021,2.3333333333333335
vits_8680-0022,1.0
vits_8680-0023,1.0
vits_8680-0024,4.0
vits_8680-0025,1.0
vits_8680-0026,3.0
vits_8680-0027,2.8333333333333335
vits_8680-0028,4.0
vits_9217-0000,2.0
vits_9217-0002,1.0
vits_9217-0004,3.5
vits_9217-0005,2.5
vits_9217-0006,2.0
vits_9217-0007,5.0
vits_9217-0008,3.0
vits_9217-0010,4.0
vits_9217-0011,4.0
vits_9217-0012,3.75
vits_9217-0014,4.0
vits_9217-0015,3.5
vits_9217-0018,3.0
vits_9217-0019,1.0
vits_9217-0020,2.3333333333333335
vits_9217-0021,3.0
vits_9217-0023,4.0
vits_9217-0024,2.0
vits_9217-0026,5.0
vits_9217-0027,4.5
vits_9217-0028,2.5
vits_9217-0029,3.0
vits_9351-0002,4.0
vits_9351-0004,2.6666666666666665
vits_9351-0005,3.3333333333333335
vits_9351-0006,3.0
vits_9351-0007,4.0
vits_9351-0008,4.0
vits_9351-0009,1.0
vits_9351-0011,4.0
vits_9351-0012,3.0
vits_9351-0014,4.0
vits_9351-0018,4.0
vits_9351-0021,3.0
vits_9351-0022,3.75
vits_9351-0023,4.0
vits_9351-0024,3.0
vits_9351-0025,2.0
vits_9351-0026,2.5
vits_9351-0027,5.0
vits_9351-0028,2.5
vits_9351-0029,3.0
vits_9485-0000,3.0
vits_9485-0001,1.0
vits_9485-0002,3.5
vits_9485-0004,3.3333333333333335
vits_9485-0005,5.0
vits_9485-0007,2.0
vits_9485-0008,2.0
vits_9485-0010,2.0
vits_9485-0011,2.0
vits_9485-0014,4.0
vits_9485-0015,4.5
vits_9485-0016,5.0
vits_9485-0017,3.0
vits_9485-0018,3.75
vits_9485-0020,2.0
vits_9485-0022,3.2
vits_9485-0023,1.0
vits_9485-0025,5.0
vits_9485-0026,4.0
vits_9485-0028,4.0
vits_9485-0029,4.0
10107_6390_000003,5.0
10107_6390_000006,5.0
10107_6390_000013,4.0
10199_6390_000000,4.0
12865_13396_000005,4.0
12865_13396_000010,5.0
12865_13396_000015,3.0
2959_2564_000001,5.0
2959_2564_000010,5.0
2959_2564_000011,5.0
2959_2564_000019,5.0
2961_2564_000001,5.0
2961_2564_000012,4.5
2961_2564_000016,4.0
3814_2564_000000,5.0
3976_2564_000005,4.5
4367_3648_000008,5.0
4367_3648_000009,5.0
4778_3962_000003,4.0
5025_3962_000000,5.0
5068_3962_000002,2.0
5103_3962_000005,5.0
5677_4744_000010,5.0
5677_4744_000015,3.0
5677_4744_000019,5.0
5705_4744_000000,5.0
5705_4744_000004,4.0
5705_4744_000017,3.0
5888_4811_000001,3.0
5888_4811_000011,4.0
5888_4811_000015,4.0
5888_4811_000017,2.0
6207_5270_000005,5.0
6207_5270_000011,4.5
6207_5270_000012,4.0
6207_5270_000017,2.0
6581_5323_000000,4.0
6601_5323_000011,5.0
6601_5323_000013,3.0
6601_5323_000015,3.0
6601_5323_000016,4.0
6700_5323_000001,5.0
6700_5323_000006,5.0
7028_5323_000001,4.0
7028_5323_000004,5.0
7028_5323_000015,4.0
8680_6390_000001,3.5
8680_6390_000009,5.0
8680_6390_000011,5.0
9217_6390_000002,4.5
9217_6390_000012,5.0
9351_6390_000000,3.0
9351_6390_000006,5.0
9485_6390_000005,4.0
9485_6390_000009,4.0
9485_6390_000013,3.0
GS1-0001,5.0
GS1-0002,5.0
GS1-0005,5.0
GS1-0009,5.0
GS1-0015,5.0
dataset_oficial_copel-0594,5.0
dataset_oficial_copel-0596,4.0
dataset_oficial_copel-0600,5.0
dataset_oficial_copel-0603,3.3333333333333335
ground_truth_bz_bolsonaro_onu-0004,4.0
ground_truth_dr_onu-2012-0008,5.0
ground_truth_gm_crime_pe_amaro-1059,5.0
ground_truth_gm_crime_pe_amaro-1060,5.0
ground_truth_gm_crime_pe_amaro-1070,5.0
ground_truth_lu_onu_2009-0003,4.0
ground_truth_lu_onu_2009-0008,5.0
ground_truth_lu_onu_2009-0009,4.5
ground_truth_lu_onu_2009-0013,3.0
ground_truth_lu_onu_2009-0015,5.0
ground_truth_lu_onu_2009-0018,5.0
ground_truth_pe_isaura_f-0061,3.0
ground_truth_pe_isaura_f-0071,4.0
msc_d_tunner_tacotron_gst_waveglow_1_0,4.0
msc_d_tunner_tacotron_gst_waveglow_1_10,4.0
msc_d_tunner_tacotron_gst_waveglow_1_11,4.0
msc_d_tunner_tacotron_gst_waveglow_1_13,4.0
msc_d_tunner_tacotron_gst_waveglow_1_15,5.0
msc_d_tunner_tacotron_gst_waveglow_1_2,4.0
msc_d_tunner_tacotron_gst_waveglow_1_3,4.0
msc_d_tunner_tacotron_gst_waveglow_1_4,5.0
msc_d_tunner_tacotron_gst_waveglow_1_7,5.0
msc_d_tunner_tacotron_gst_waveglow_1_9,5.0
noise-_input_output_BZ_BZ_taco2hifigan-BZ-0006,2.0
noise-_input_output_BZ_BZ_taco2hifigan-BZ-0008,1.0
noise-_input_output_BZ_BZ_taco2hifigan-BZ-0009,3.0
noise-_input_output_BZ_BZ_taco2hifigan-BZ-0012,1.0
noise-_input_output_BZ_BZ_taco2hifigan-BZ-0013,1.0
noise-_input_output_BZ_BZ_taco2hifigan-BZ-0015,3.0
noise-_input_output_BZ_BZ_taco2hifigan-BZ-0021,3.0
noise-_input_output_BZ_BZ_taco2hifigan-BZ-0028,1.5
noise-_input_output_DI_DI_taco2hifigan-DI-0001,2.0
noise-_input_output_DI_DI_taco2hifigan-DI-0004,1.0
noise-_input_output_DI_DI_taco2hifigan-DI-0006,2.0
noise-_input_output_DI_DI_taco2hifigan-DI-0007,1.0
noise-_input_output_DI_DI_taco2hifigan-DI-0009,1.0
noise-_input_output_DI_DI_taco2hifigan-DI-0012,1.0
noise-_input_output_DI_DI_taco2hifigan-DI-0013,1.0
noise-_input_output_DI_DI_taco2hifigan-DI-0015,2.5
noise-_input_output_DI_DI_taco2hifigan-DI-0017,1.0
noise-_input_output_DI_DI_taco2hifigan-DI-0019,1.0
noise-_input_output_DR_DR_taco2hifigan-DR-0004,1.5
noise-_input_output_DR_DR_taco2hifigan-DR-0007,1.0
noise-_input_output_DR_DR_taco2hifigan-DR-0017,4.0
noise-_input_output_DR_DR_taco2hifigan-DR-0023,1.5
noise-_input_output_FN_FN_taco2hifigan-FN-0001,2.5
noise-_input_output_FN_FN_taco2hifigan-FN-0004,2.0
noise-_input_output_GM_GM_taco2hifigan-GM-0001,2.5
noise-_input_output_GM_GM_taco2hifigan-GM-0002,1.0
noise-_input_output_GM_GM_taco2hifigan-GM-0003,3.5
noise-_input_output_GM_GM_taco2hifigan-GM-0005,1.5
noise-_input_output_GM_GM_taco2hifigan-GM-0008,1.3333333333333333
noise-_input_output_GM_GM_taco2hifigan-GM-0014,2.0
noise-_input_output_GM_GM_taco2hifigan-GM-0019,3.0
noise-_input_output_GM_GM_taco2hifigan-GM-0026,1.0
noise-_input_output_GS_GS_taco2hifigan-GS-0002,2.0
noise-_input_output_GS_GS_taco2hifigan-GS-0003,3.0
noise-_input_output_GS_GS_taco2hifigan-GS-0004,3.0
noise-_input_output_GS_GS_taco2hifigan-GS-0006,2.3333333333333335
noise-_input_output_GS_GS_taco2hifigan-GS-0011,1.0
noise-_input_output_GS_GS_taco2hifigan-GS-0014,3.0
noise-_input_output_GS_GS_taco2hifigan-GS-0018,2.0
noise-_input_output_GS_GS_taco2hifigan-GS-0019,2.0
noise-_input_output_GS_GS_taco2hifigan-GS-0023,1.0
noise-_input_output_GS_GS_taco2hifigan-GS-0028,2.0
noise-_input_output_IR_IR_taco2hifigan-IR-0001,1.0
noise-_input_output_IR_IR_taco2hifigan-IR-0006,2.0
noise-_input_output_IR_IR_taco2hifigan-IR-0012,1.0
noise-_input_output_IR_IR_taco2hifigan-IR-0016,1.0
noise-_input_output_IR_IR_taco2hifigan-IR-0018,1.0
noise-_input_output_IR_IR_taco2hifigan-IR-0020,2.0
noise-_input_output_IR_IR_taco2hifigan-IR-0026,2.0
noise-_input_output_IR_IR_taco2hifigan-IR-0027,2.0
noise-_input_output_LI_LI_taco2hifigan-LI-0006,2.0
noise-_input_output_LI_LI_taco2hifigan-LI-0007,1.6666666666666667
noise-_input_output_LI_LI_taco2hifigan-LI-0013,2.0
noise-_input_output_LI_LI_taco2hifigan-LI-0020,1.0
noise-_input_output_LI_LI_taco2hifigan-LI-0025,1.0
noise-_input_output_LI_LI_taco2hifigan-LI-0026,1.0
noise-_input_output_LN_LN_taco2hifigan-LN-0002,1.0
noise-_input_output_LN_LN_taco2hifigan-LN-0004,1.0
noise-_input_output_LN_LN_taco2hifigan-LN-0010,2.0
noise-_input_output_LN_LN_taco2hifigan-LN-0012,2.0
noise-_input_output_LN_LN_taco2hifigan-LN-0014,1.5
noise-_input_output_LN_LN_taco2hifigan-LN-0017,1.0
noise-_input_output_LN_LN_taco2hifigan-LN-0022,1.0
noise-_input_output_LN_LN_taco2hifigan-LN-0023,1.0
noise-_input_output_LN_LN_taco2hifigan-LN-0028,3.0
noise-_input_output_LU_LU_taco2hifigan-LU-0001,3.0
noise-_input_output_LU_LU_taco2hifigan-LU-0011,1.0
noise-_input_output_LU_LU_taco2hifigan-LU-0016,1.5
noise-_input_output_LU_LU_taco2hifigan-LU-0017,1.0
noise-_input_output_LU_LU_taco2hifigan-LU-0020,2.0
noise-_input_output_LU_LU_taco2hifigan-LU-0022,1.0
noise-_input_output_LU_LU_taco2hifigan-LU-0026,1.3333333333333333
noise-_input_output_MA_MA_taco2hifigan-MA-0001,1.0
noise-_input_output_MA_MA_taco2hifigan-MA-0002,1.0
noise-_input_output_MA_MA_taco2hifigan-MA-0003,1.0
noise-_input_output_MA_MA_taco2hifigan-MA-0012,1.0
noise-_input_output_MA_MA_taco2hifigan-MA-0019,1.0
noise-_input_output_PE_PE_taco2hifigan-PE-0009,2.0
noise-_input_output_PE_PE_taco2hifigan-PE-0018,1.0
noise-_input_output_PE_PE_taco2hifigan-PE-0028,1.5
noise-_input_output_RC_RC_taco2hifigan-RC-0004,3.0
noise-_input_output_RC_RC_taco2hifigan-RC-0011,1.0
noise-_input_output_RC_RC_taco2hifigan-RC-0013,1.0
noise-_input_output_RC_RC_taco2hifigan-RC-0019,1.0
taco2griffin_lim-BZ-0002,2.0
taco2griffin_lim-BZ-0018,2.0
taco2griffin_lim-BZ-0023,2.0
taco2griffin_lim-BZ-0026,2.0
taco2griffin_lim-DI-0008,2.5
taco2griffin_lim-DI-0019,2.0
taco2griffin_lim-DI-0022,2.0
taco2griffin_lim-DI-0028,1.5
taco2griffin_lim-DR-0004,2.0
taco2griffin_lim-DR-0005,2.0
taco2griffin_lim-DR-0016,2.0
taco2griffin_lim-DR-0017,3.0
taco2griffin_lim-FN-0005,1.5
taco2griffin_lim-FN-0012,4.5
taco2griffin_lim-FN-0015,1.0
taco2griffin_lim-FN-0029,1.5
taco2griffin_lim-GM-0005,1.6666666666666667
taco2griffin_lim-GM-0007,3.0
taco2griffin_lim-GM-0009,2.0
taco2griffin_lim-GM-0017,2.5
taco2griffin_lim-GM-0019,2.0
taco2griffin_lim-GM-0024,2.0
taco2griffin_lim-GS-0003,2.0
taco2griffin_lim-GS-0006,3.0
taco2griffin_lim-GS-0018,3.0
taco2griffin_lim-GS-0025,1.0
taco2griffin_lim-IR-0001,2.0
taco2griffin_lim-IR-0007,1.5
taco2griffin_lim-IR-0008,3.0
taco2griffin_lim-IR-0010,2.0
taco2griffin_lim-IR-0011,4.0
taco2griffin_lim-IR-0012,1.0
taco2griffin_lim-IR-0013,1.5
taco2griffin_lim-IR-0014,1.0
taco2griffin_lim-IR-0016,2.0
taco2griffin_lim-IR-0025,4.0
taco2griffin_lim-IR-0028,2.0
taco2griffin_lim-LI-0005,3.0
taco2griffin_lim-LI-0010,1.0
taco2griffin_lim-LI-0012,2.5
taco2griffin_lim-LI-0018,2.6666666666666665
taco2griffin_lim-LI-0019,3.0
taco2griffin_lim-LI-0021,3.25
taco2griffin_lim-LI-0023,2.0
taco2griffin_lim-LI-0027,1.0
taco2griffin_lim-LN-0010,2.0
taco2griffin_lim-LN-0013,1.0
taco2griffin_lim-LN-0018,1.5
taco2griffin_lim-LN-0022,1.3333333333333333
taco2griffin_lim-LN-0024,1.5
taco2griffin_lim-LN-0028,1.0
taco2griffin_lim-LU-0005,2.5
taco2griffin_lim-LU-0006,2.5
taco2griffin_lim-LU-0007,2.0
taco2griffin_lim-LU-0010,3.0
taco2griffin_lim-LU-0012,2.5
taco2griffin_lim-LU-0015,3.0
taco2griffin_lim-LU-0018,2.0
taco2griffin_lim-MA-0014,1.5
taco2griffin_lim-MA-0016,1.0
taco2griffin_lim-MA-0018,1.0
taco2griffin_lim-MA-0019,2.0
taco2griffin_lim-MA-0020,2.0
taco2griffin_lim-MA-0026,1.0
taco2griffin_lim-PE-0000,3.0
taco2griffin_lim-PE-0003,1.5
taco2griffin_lim-PE-0004,3.0
taco2griffin_lim-PE-0015,3.0
taco2griffin_lim-PE-0023,1.0
taco2griffin_lim-PE-0028,3.0
taco2griffin_lim-RC-0004,1.0
taco2griffin_lim-RC-0006,1.6666666666666667
taco2griffin_lim-RC-0007,2.0
taco2griffin_lim-RC-0011,2.0
taco2griffin_lim-RC-0013,2.0
taco2griffin_lim-RC-0015,2.0
taco2griffin_lim-RC-0020,2.0
taco2griffin_lim-RC-0022,3.0
taco2griffin_lim-RC-0028,3.5
taco2hifigan-BZ-0003,5.0
taco2hifigan-BZ-0008,5.0
taco2hifigan-BZ-0015,4.0
taco2hifigan-BZ-0024,5.0
taco2hifigan-BZ-0027,3.2
taco2hifigan-DI-0002,5.0
taco2hifigan-DI-0005,4.5
taco2hifigan-DI-0006,5.0
taco2hifigan-DI-0007,4.0
taco2hifigan-DI-0008,5.0
taco2hifigan-DI-0018,2.0
taco2hifigan-DI-0027,4.5
taco2hifigan-DI-0029,4.0
taco2hifigan-DR-0006,3.0
taco2hifigan-DR-0011,3.0
taco2hifigan-DR-0015,4.0
taco2hifigan-DR-0021,5.0
taco2hifigan-DR-0026,4.0
taco2hifigan-FN-0003,4.0
taco2hifigan-FN-0006,3.5
taco2hifigan-FN-0011,4.0
taco2hifigan-FN-0027,5.0
taco2hifigan-GM-0001,4.5
taco2hifigan-GM-0005,4.0
taco2hifigan-GM-0011,5.0
taco2hifigan-GM-0015,4.0
taco2hifigan-GM-0020,3.5
taco2hifigan-GM-0022,5.0
taco2hifigan-GM-0023,4.5
taco2hifigan-GM-0026,3.5
taco2hifigan-GS-0004,4.666666666666667
taco2hifigan-GS-0005,5.0
taco2hifigan-GS-0018,5.0
taco2hifigan-GS-0019,5.0
taco2hifigan-GS-0022,5.0
taco2hifigan-IR-0005,3.5
taco2hifigan-IR-0009,3.0
taco2hifigan-IR-0010,2.75
taco2hifigan-IR-0014,3.0
taco2hifigan-IR-0018,3.0
taco2hifigan-IR-0028,4.0
taco2hifigan-LI-0000,4.5
taco2hifigan-LI-0002,4.0
taco2hifigan-LI-0003,5.0
taco2hifigan-LI-0005,5.0
taco2hifigan-LI-0011,5.0
taco2hifigan-LI-0012,5.0
taco2hifigan-LI-0014,5.0
taco2hifigan-LI-0016,4.0
taco2hifigan-LI-0018,4.0
taco2hifigan-LI-0019,3.0
taco2hifigan-LI-0029,4.5
taco2hifigan-LN-0004,3.0
taco2hifigan-LN-0017,4.0
taco2hifigan-LN-0022,2.0
taco2hifigan-LU-0004,3.6666666666666665
taco2hifigan-LU-0005,3.0
taco2hifigan-LU-0008,2.0
taco2hifigan-LU-0010,2.0
taco2hifigan-LU-0012,2.0
taco2hifigan-MA-0001,3.0
taco2hifigan-MA-0002,5.0
taco2hifigan-MA-0005,3.0
taco2hifigan-MA-0010,3.2
taco2hifigan-MA-0018,2.0
taco2hifigan-MA-0019,3.0
taco2hifigan-MA-0024,2.0
taco2hifigan-PE-0009,3.0
taco2hifigan-PE-0015,3.0
taco2hifigan-PE-0019,5.0
taco2hifigan-PE-0022,3.5
taco2hifigan-PE-0026,4.0
taco2hifigan-RC-0010,5.0
taco2hifigan-RC-0019,4.0
taco2hifigan-RC-0021,3.0
taco2hifigan-RC-0022,2.5
taco2hifigan-RC-0025,4.0
taco2hifigan-RC-0028,4.5
taco2hifigan-RC-0029,4.5
taco2waveglow-BZ-0002,4.0
taco2waveglow-BZ-0006,3.0
taco2waveglow-BZ-0009,3.0
taco2waveglow-BZ-0014,4.0
taco2waveglow-DR-0002,5.0
taco2waveglow-DR-0004,3.3333333333333335
taco2waveglow-DR-0006,3.0
taco2waveglow-DR-0017,3.0
taco2waveglow-DR-0018,5.0
taco2waveglow-DR-0020,3.0
taco2waveglow-DR-0021,4.5
taco2waveglow-DR-0026,4.333333333333333
taco2waveglow-DR-0028,3.5
taco2waveglow-GM-0001,4.5
taco2waveglow-GM-0004,5.0
taco2waveglow-GM-0006,5.0
taco2waveglow-GM-0007,5.0
taco2waveglow-GM-0012,5.0
taco2waveglow-GM-0015,4.5
taco2waveglow-GM-0021,4.5
taco2waveglow-GS-0000,4.0
taco2waveglow-GS-0002,5.0
taco2waveglow-GS-0005,5.0
taco2waveglow-GS-0018,5.0
taco2waveglow-GS-0022,4.0
taco2waveglow-GS-0023,5.0
taco2waveglow-GS-0025,4.333333333333333
taco2waveglow-GS-0027,4.666666666666667
taco2waveglow-LI-0000,5.0
taco2waveglow-LI-0022,4.0
taco2waveglow-LI-0025,3.0
taco2waveglow-LU-0002,4.0
taco2waveglow-LU-0005,4.0
taco2waveglow-LU-0010,3.5
taco2waveglow-LU-0011,3.0
taco2waveglow-LU-0018,4.0
taco2waveglow-LU-0020,3.3333333333333335
taco2waveglow-PE-0008,5.0
taco2waveglow-PE-0010,4.0
taco2waveglow-PE-0012,4.0
taco2waveglow-PE-0015,3.0
taco2waveglow-PE-0017,5.0
vits_10107-0001,4.0
vits_10107-0002,4.0
vits_10107-0013,4.0
vits_10107-0014,5.0
vits_10107-0017,5.0
vits_10107-0024,3.0
vits_10107-0028,5.0
vits_10199-0004,3.1666666666666665
vits_10199-0006,3.5
vits_10199-0009,3.5
vits_10199-0014,2.0
vits_10199-0015,3.5
vits_10199-0018,3.0
vits_10199-0028,3.0
vits_10670-0002,4.0
vits_10670-0006,3.0
vits_10670-0009,2.5
vits_10670-0015,3.5
vits_10670-0027,1.5
vits_10670-0029,4.0
vits_12249-0001,3.0
vits_12249-0013,4.0
vits_12249-0023,5.0
vits_12865-0000,4.5
vits_12865-0003,4.0
vits_12865-0004,2.5
vits_12865-0008,3.0
vits_12865-0014,4.5
vits_12865-0025,3.0
vits_2959-0003,4.0
vits_2959-0015,4.0
vits_2959-0019,3.0
vits_2959-0020,4.0
vits_2959-0028,3.0
vits_2961-0002,3.5
vits_2961-0009,4.0
vits_2961-0012,4.0
vits_2961-0016,3.0
vits_2961-0023,4.0
vits_2961-0029,4.0
vits_3369-0001,4.0
vits_3369-0005,4.333333333333333
vits_3369-0006,2.0
vits_3369-0018,3.0
vits_3369-0025,5.0
vits_3427-0003,3.0
vits_3427-0004,4.5
vits_3427-0010,3.5
vits_3427-0023,3.0
vits_3427-0024,2.0
vits_3814-0003,3.5
vits_3814-0006,3.0
vits_3814-0007,3.0
vits_3814-0008,4.0
vits_3976-0010,4.0
vits_3976-0016,4.0
vits_3976-0018,4.0
vits_3976-0024,5.0
vits_3976-0025,4.0
vits_4367-0011,5.0
vits_4367-0023,3.0
vits_4778-0003,2.0
vits_4778-0005,5.0
vits_4778-0009,3.0
vits_4778-0012,5.0
vits_4778-0016,4.0
vits_4778-0020,4.0
vits_4783-0003,3.5
vits_4783-0009,4.0
vits_4783-0016,2.0
vits_4801-0001,4.0
vits_4801-0006,4.333333333333333
vits_4801-0010,4.0
vits_4801-0012,3.0
vits_4801-0018,4.0
vits_4801-0024,3.5
vits_5025-0000,3.0
vits_5025-0001,3.6666666666666665
vits_5025-0009,2.0
vits_5025-0026,3.0
vits_5068-0011,3.0
vits_5068-0012,2.0
vits_5068-0021,2.0
vits_5068-0024,2.5
vits_5103-0004,5.0
vits_5103-0005,4.0
vits_5103-0017,4.0
vits_5103-0023,5.0
vits_5103-0026,4.0
vits_5677-0019,4.333333333333333
vits_5677-0021,4.0
vits_5677-0023,4.5
vits_5677-0024,3.0
vits_5677-0025,3.0
vits_5705-0012,4.0
vits_5705-0017,5.0
vits_5705-0027,4.0
vits_5705-0028,2.0
vits_5888-0006,3.0
vits_5888-0007,2.0
vits_5888-0009,2.0
vits_5888-0020,2.0
vits_5888-0022,3.0
vits_5888-0027,3.0
vits_6207-0000,4.0
vits_6207-0003,5.0
vits_6207-0006,3.0
vits_6207-0014,2.0
vits_6207-0016,3.0
vits_6207-0017,2.5
vits_6207-0023,3.6666666666666665
vits_6581-0006,4.0
vits_6581-0014,3.0
vits_6581-0018,4.0
vits_6581-0024,5.0
vits_6581-0029,5.0
vits_6601-0000,4.0
vits_6601-0004,3.0
vits_6601-0006,3.6666666666666665
vits_6601-0009,2.5
vits_6601-0021,3.0
vits_6700-0001,5.0
vits_6700-0002,3.6666666666666665
vits_6700-0003,4.0
vits_6700-0005,4.5
vits_6700-0008,4.0
vits_6700-0014,5.0
vits_6700-0016,5.0
vits_7028-0000,5.0
vits_7028-0002,4.0
vits_7028-0004,3.0
vits_7028-0018,4.5
vits_8680-0004,4.0
vits_8680-0005,4.0
vits_8680-0010,3.0
vits_9217-0001,2.5
vits_9217-0009,4.0
vits_9217-0013,5.0
vits_9217-0025,3.0
vits_9351-0000,5.0
vits_9351-0001,4.0
vits_9351-0003,2.6666666666666665
vits_9351-0010,3.3333333333333335
vits_9351-0013,4.333333333333333
vits_9351-0017,5.0
vits_9351-0019,4.25
vits_9485-0003,3.5
vits_9485-0009,4.0
vits_9485-0012,3.0
vits_9485-0013,3.0
vits_9485-0019,5.0
vits_9485-0027,2.0
msc_d_tunner_tacotron_gst_waveglow_0_0,3.8666666666666667
msc_d_tunner_tacotron_gst_waveglow_0_1,4.125
msc_d_tunner_tacotron_gst_waveglow_0_10,3.8
msc_d_tunner_tacotron_gst_waveglow_0_11,4.5
msc_d_tunner_tacotron_gst_waveglow_0_12,4.0
msc_d_tunner_tacotron_gst_waveglow_0_13,4.0
msc_d_tunner_tacotron_gst_waveglow_0_14,4.0625
msc_d_tunner_tacotron_gst_waveglow_0_15,4.066666666666666
msc_d_tunner_tacotron_gst_waveglow_0_16,4.0
msc_d_tunner_tacotron_gst_waveglow_0_17,4.133333333333334
msc_d_tunner_tacotron_gst_waveglow_0_18,4.375
msc_d_tunner_tacotron_gst_waveglow_0_19,4.294117647058823
msc_d_tunner_tacotron_gst_waveglow_0_2,4.25
msc_d_tunner_tacotron_gst_waveglow_0_3,3.6
msc_d_tunner_tacotron_gst_waveglow_0_4,4.133333333333334
msc_d_tunner_tacotron_gst_waveglow_0_5,4.2
msc_d_tunner_tacotron_gst_waveglow_0_6,3.8125
msc_d_tunner_tacotron_gst_waveglow_0_7,4.333333333333333
msc_d_tunner_tacotron_gst_waveglow_0_8,4.125
msc_d_tunner_tacotron_gst_waveglow_0_9,4.125
ground_truth_msc_d_tunner_tacotron_gst_waveglow_crime_pe_amaro_f-0621,4.857142857142857
ground_truth_msc_d_tunner_tacotron_gst_waveglow_crime_pe_amaro_f-1167,4.933333333333334
ground_truth_msc_d_tunner_tacotron_gst_waveglow_crime_pe_amaro_f-1744,4.9375
ground_truth_msc_d_tunner_tacotron_gst_waveglow_crime_pe_amaro_f-2597,5.0
ground_truth_msc_d_tunner_tacotron_gst_waveglow_crime_pe_amaro_f-2785,4.75
ground_truth_msc_d_tunner_tacotron_gst_waveglow_crime_pe_amaro_f-2820,4.8125
ground_truth_msc_d_tunner_tacotron_gst_waveglow_crime_pe_amaro_f-3117,4.875
ground_truth_msc_d_tunner_tacotron_gst_waveglow_isaura_f-0003,4.5625
ground_truth_msc_d_tunner_tacotron_gst_waveglow_isaura_f-0863,4.733333333333333
ground_truth_msc_d_tunner_tacotron_gst_waveglow_isaura_f-0876,4.9375
msc_d_tunner_taco2waveglow_1_0,3.5
msc_d_tunner_taco2waveglow_1_1,3.75
msc_d_tunner_taco2waveglow_1_10,4.15
msc_d_tunner_taco2waveglow_1_11,3.4
msc_d_tunner_taco2waveglow_1_12,3.8
msc_d_tunner_taco2waveglow_1_13,3.4
msc_d_tunner_taco2waveglow_1_14,3.7
msc_d_tunner_taco2waveglow_1_15,3.85
msc_d_tunner_taco2waveglow_1_16,3.2
msc_d_tunner_taco2waveglow_1_17,3.4
msc_d_tunner_taco2waveglow_1_18,3.8
msc_d_tunner_taco2waveglow_1_19,3.5
msc_d_tunner_taco2waveglow_1_2,3.55
msc_d_tunner_taco2waveglow_1_3,3.75
msc_d_tunner_taco2waveglow_1_4,3.95
msc_d_tunner_taco2waveglow_1_5,3.75
msc_d_tunner_taco2waveglow_1_6,3.5
msc_d_tunner_taco2waveglow_1_7,4.05
msc_d_tunner_taco2waveglow_1_8,3.75
msc_d_tunner_taco2waveglow_1_9,4.05
ground_truth_msc_d_tunner_taco2waveglow_crime_pe_amaro-0029,4.8
ground_truth_msc_d_tunner_taco2waveglow_crime_pe_amaro-0434,4.65
ground_truth_msc_d_tunner_taco2waveglow_crime_pe_amaro-0457,4.85
ground_truth_msc_d_tunner_taco2waveglow_crime_pe_amaro-0572,4.85
ground_truth_msc_d_tunner_taco2waveglow_crime_pe_amaro-0927,4.9
ground_truth_msc_d_tunner_taco2waveglow_crime_pe_amaro-1523,5.0
ground_truth_msc_d_tunner_taco2waveglow_crime_pe_amaro-2088,4.8
ground_truth_msc_d_tunner_taco2waveglow_isaura_0407,4.9
ground_truth_msc_d_tunner_taco2waveglow_isaura_0782,4.95
ground_truth_msc_d_tunner_taco2waveglow_isaura_1310,4.75
